,date,weighted_sent_score,tic
0,2020-01-01,0.0,JNJ
1,2020-01-02,4.0,JNJ
2,2020-01-03,5.0,JNJ
3,2020-01-04,3.0,JNJ
4,2020-01-05,0.0,JNJ
5,2020-01-06,2.0,JNJ
6,2020-01-07,7.0,JNJ
7,2020-01-08,0.0,JNJ
8,2020-01-09,-0.8823529411764706,JNJ
9,2020-01-10,0.8888888888888888,JNJ
10,2020-01-11,5.0,JNJ
11,2020-01-12,2.0,JNJ
12,2020-01-13,0.0,JNJ
13,2020-01-14,2.0,JNJ
14,2020-01-15,4.888888888888888,JNJ
15,2020-01-16,1.0050568900126422,JNJ
16,2020-01-17,0.0,JNJ
17,2020-01-18,-2.9288374017376912,JNJ
18,2020-01-19,0.0,JNJ
19,2020-01-20,6.313432835820896,JNJ
20,2020-01-21,4.10077519379845,JNJ
21,2020-01-22,1.2604166666666667,JNJ
22,2020-01-23,0.9176114890400604,JNJ
23,2020-01-24,3.9565217391304346,JNJ
24,2020-01-25,4.0,JNJ
25,2020-01-26,4.0,JNJ
26,2020-01-27,-4.0,JNJ
27,2020-01-28,-0.0301204819277108,JNJ
28,2020-01-29,0.0,JNJ
29,2020-01-30,5.0,JNJ
30,2020-01-31,3.0,JNJ
31,2020-02-01,8.0,JNJ
32,2020-02-02,1.0,JNJ
33,2020-02-03,4.112178255858624,JNJ
34,2020-02-04,2.4,JNJ
35,2020-02-05,4.0,JNJ
36,2020-02-06,1.0,JNJ
37,2020-02-07,1.8,JNJ
38,2020-02-09,4.0,JNJ
39,2020-02-10,2.0,JNJ
40,2020-02-11,-5.526315789473684,JNJ
41,2020-02-12,3.976470588235294,JNJ
42,2020-02-13,5.433962264150944,JNJ
43,2020-02-14,-1.0588235294117645,JNJ
44,2020-02-15,4.0,JNJ
45,2020-02-17,1.0,JNJ
46,2020-02-18,2.954545454545454,JNJ
47,2020-02-19,8.0,JNJ
48,2020-02-20,2.0,JNJ
49,2020-02-21,0.0,JNJ
50,2020-02-22,5.0,JNJ
51,2020-02-24,-4.0,JNJ
52,2020-02-25,2.172043010752688,JNJ
53,2020-02-26,6.0,JNJ
54,2020-02-27,5.0,JNJ
55,2020-02-28,1.7209302325581397,JNJ
56,2020-02-29,1.0,JNJ
57,2020-03-01,-0.6047548291233283,JNJ
58,2020-03-02,2.0,JNJ
59,2020-03-03,9.392405063291138,JNJ
60,2020-03-04,3.9759615384615383,JNJ
61,2020-03-05,4.0,JNJ
62,2020-03-06,-1.0,JNJ
63,2020-03-07,2.8000000000000003,JNJ
64,2020-03-08,6.44,JNJ
65,2020-03-09,1.9,JNJ
66,2020-03-10,5.5,JNJ
67,2020-03-11,9.0,JNJ
68,2020-03-12,3.0,JNJ
69,2020-03-13,4.0,JNJ
70,2020-03-14,-3.0,JNJ
71,2020-03-15,-0.5000000000000002,JNJ
72,2020-03-16,3.0,JNJ
73,2020-03-17,1.92841163310962,JNJ
74,2020-03-18,2.0,JNJ
75,2020-03-19,0.0,JNJ
76,2020-03-20,4.9275362318840585,JNJ
77,2020-03-21,0.0,JNJ
78,2020-03-23,0.0,JNJ
79,2020-03-24,0.0,JNJ
80,2020-03-25,0.0,JNJ
81,2020-03-26,-0.8969072164948454,JNJ
82,2020-03-28,5.0,JNJ
83,2020-03-30,-0.3645570472056795,JNJ
84,2020-03-31,2.375220279246306,JNJ
85,2020-04-01,0.0,JNJ
86,2020-04-02,0.0,JNJ
87,2020-04-04,3.0371614943664755,JNJ
88,2020-04-05,0.0,JNJ
89,2020-04-06,2.0,JNJ
90,2020-04-07,9.0,JNJ
91,2020-04-08,0.0,JNJ
92,2020-04-09,10.0,JNJ
93,2020-04-10,1.0,JNJ
94,2020-04-12,-0.8041237113402062,JNJ
95,2020-04-13,2.0,JNJ
96,2020-04-14,0.202020202020202,JNJ
97,2020-04-15,0.0,JNJ
98,2020-04-16,-1.2037037037037035,JNJ
99,2020-04-17,4.765714285714286,JNJ
100,2020-04-18,2.000409332787556,JNJ
101,2020-04-19,-1.6744186046511629,JNJ
102,2020-04-20,5.352112676056337,JNJ
103,2020-04-21,0.0,JNJ
104,2020-04-22,-2.0,JNJ
105,2020-04-23,0.9113924050632912,JNJ
106,2020-04-24,-0.4963503649635036,JNJ
107,2020-04-25,1.0,JNJ
108,2020-04-26,7.0,JNJ
109,2020-04-27,3.272727272727273,JNJ
110,2020-04-28,-4.0,JNJ
111,2020-04-29,0.0,JNJ
112,2020-04-30,6.923076923076923,JNJ
113,2020-05-01,1.998032389889511,JNJ
114,2020-05-02,0.0,JNJ
115,2020-05-04,3.58974358974359,JNJ
116,2020-05-05,0.0,JNJ
117,2020-05-07,3.764705882352941,JNJ
118,2020-05-08,1.375,JNJ
119,2020-05-09,0.0,JNJ
120,2020-05-10,0.7233348167927607,JNJ
121,2020-05-11,4.0,JNJ
122,2020-05-12,0.0227272727272728,JNJ
123,2020-05-13,-0.4,JNJ
124,2020-05-14,2.0476190476190474,JNJ
125,2020-05-15,1.648648648648649,JNJ
126,2020-05-16,2.0,JNJ
127,2020-05-18,0.0,JNJ
128,2020-05-19,1.959016393442623,JNJ
129,2020-05-20,0.0,JNJ
130,2020-05-21,3.262135922330097,JNJ
131,2020-05-22,0.9500239247168908,JNJ
132,2020-05-23,2.575,JNJ
133,2020-05-24,0.2142857142857142,JNJ
134,2020-05-25,1.1227935533384497,JNJ
135,2020-05-26,0.0,JNJ
136,2020-05-27,3.7634408602150535,JNJ
137,2020-05-28,-1.263157894736842,JNJ
138,2020-05-29,5.7558139534883725,JNJ
139,2020-05-30,0.0,JNJ
140,2020-05-31,2.0,JNJ
141,2020-06-01,0.0,JNJ
142,2020-06-02,-10.0,JNJ
143,2020-06-04,2.0,JNJ
144,2020-06-07,2.0,JNJ
145,2020-06-08,-8.0,JNJ
146,2020-06-10,-2.0,JNJ
147,2020-06-11,0.6016260162601625,JNJ
148,2020-06-12,0.0,JNJ
149,2020-06-15,0.0,JNJ
150,2020-06-16,9.0,JNJ
151,2020-06-17,1.9624217118997915,JNJ
152,2020-06-18,2.3628318584070795,JNJ
153,2020-06-19,-0.8421052631578947,JNJ
154,2020-06-20,2.253798033958892,JNJ
155,2020-06-21,-2.0,JNJ
156,2020-06-22,0.0,JNJ
157,2020-06-25,0.0,JNJ
158,2020-06-26,0.0,JNJ
159,2020-06-27,4.0,JNJ
160,2020-06-29,2.117647058823529,JNJ
161,2020-06-30,2.347826086956521,JNJ
162,2020-07-01,-0.6849315068493151,JNJ
163,2020-07-02,1.0,JNJ
164,2020-07-03,-2.0,JNJ
165,2020-07-04,-3.0,JNJ
166,2020-07-06,2.0,JNJ
167,2020-07-07,1.0,JNJ
168,2020-07-08,4.918918918918919,JNJ
169,2020-07-09,2.0,JNJ
170,2020-07-10,2.0,JNJ
171,2020-07-11,4.0,JNJ
172,2020-07-13,1.648148148148148,JNJ
173,2020-07-14,1.7142857142857144,JNJ
174,2020-07-15,-0.9685759745425616,JNJ
175,2020-07-16,-0.2419354838709677,JNJ
176,2020-07-17,3.6319018404907975,JNJ
177,2020-07-18,0.0,JNJ
178,2020-07-20,0.1428571428571428,JNJ
179,2020-07-21,2.0,JNJ
180,2020-07-22,5.0,JNJ
181,2020-07-23,0.9111111111111112,JNJ
182,2020-07-24,0.0,JNJ
183,2020-07-27,-2.5,JNJ
184,2020-07-28,-1.0,JNJ
185,2020-07-29,1.0857142857142856,JNJ
186,2020-07-30,3.2865612648221343,JNJ
187,2020-07-31,0.0,JNJ
188,2020-08-01,-0.6956521739130435,JNJ
189,2020-08-02,0.0,JNJ
190,2020-08-05,3.0673076923076925,JNJ
191,2020-08-06,0.0,JNJ
192,2020-08-07,0.0,JNJ
193,2020-08-09,-2.0,JNJ
194,2020-08-10,3.0,JNJ
195,2020-08-11,2.0,JNJ
196,2020-08-12,2.0,JNJ
197,2020-08-13,0.0,JNJ
198,2020-08-14,0.1884057971014492,JNJ
199,2020-08-15,0.0,JNJ
200,2020-08-17,-0.7692307692307693,JNJ
201,2020-08-18,3.4705882352941178,JNJ
202,2020-08-19,8.0,JNJ
203,2020-08-20,0.1538461538461538,JNJ
204,2020-08-21,11.0,JNJ
205,2020-08-22,7.0,JNJ
206,2020-08-24,0.0,JNJ
207,2020-08-25,2.0,JNJ
208,2020-08-26,-2.918238993710692,JNJ
209,2020-08-27,2.0,JNJ
210,2020-08-28,2.0209150326797385,JNJ
211,2020-08-30,0.0,JNJ
212,2020-08-31,0.0,JNJ
213,2020-09-01,1.945597709377237,JNJ
214,2020-09-02,8.0,JNJ
215,2020-09-03,0.0,JNJ
216,2020-09-04,4.0,JNJ
217,2020-09-05,0.0,JNJ
218,2020-09-06,0.0,JNJ
219,2020-09-07,0.0,JNJ
220,2020-09-08,7.204819277108434,JNJ
221,2020-09-09,0.0,JNJ
222,2020-09-10,5.952380952380952,JNJ
223,2020-09-11,4.0,JNJ
224,2020-09-14,4.086956521739131,JNJ
225,2020-09-15,5.444444444444445,JNJ
226,2020-09-16,12.0,JNJ
227,2020-09-17,5.0724637681159415,JNJ
228,2020-09-18,-3.921077065923863,JNJ
229,2020-09-19,0.0,JNJ
230,2020-09-20,5.0,JNJ
231,2020-09-22,0.0,JNJ
232,2020-09-23,0.8424242424242424,JNJ
233,2020-09-24,0.0,JNJ
234,2020-09-25,0.0,JNJ
235,2020-09-26,1.668543120918712,JNJ
236,2020-09-28,2.7333333333333334,JNJ
237,2020-09-29,3.260869565217391,JNJ
238,2020-09-30,1.0832395950506186,JNJ
239,2020-10-01,5.0,JNJ
240,2020-10-02,2.333333333333333,JNJ
241,2020-10-03,-0.0399529964747356,JNJ
242,2020-10-04,5.0,JNJ
243,2020-10-05,0.0,JNJ
244,2020-10-06,0.0,JNJ
245,2020-10-07,0.2595628415300546,JNJ
246,2020-10-08,4.59375,JNJ
247,2020-10-09,1.0,JNJ
248,2020-10-10,-1.0,JNJ
249,2020-10-12,3.389830508474576,JNJ
250,2020-10-13,-1.0041293062765455,JNJ
251,2020-10-14,-0.962601078167116,JNJ
252,2020-10-15,-0.3076923076923077,JNJ
253,2020-10-16,1.3823529411764706,JNJ
254,2020-10-18,0.0,JNJ
255,2020-10-19,1.6744186046511629,JNJ
256,2020-10-21,6.0,JNJ
257,2020-10-22,5.0,JNJ
258,2020-10-23,-0.2602783554631259,JNJ
259,2020-10-26,2.0,JNJ
260,2020-10-27,2.0,JNJ
261,2020-10-28,-0.0043509789702683,JNJ
262,2020-10-29,0.9534883720930232,JNJ
263,2020-10-30,1.0,JNJ
264,2020-11-01,-2.0,JNJ
265,2020-11-05,0.0,JNJ
266,2020-11-09,1.0,JNJ
267,2020-11-10,2.0,JNJ
268,2020-11-11,0.0,JNJ
269,2020-11-12,3.1818181818181817,JNJ
270,2020-11-14,3.8333333333333335,JNJ
271,2020-11-15,-1.0,JNJ
272,2020-11-16,0.0643015521064301,JNJ
273,2020-11-17,2.82843137254902,JNJ
274,2020-11-18,0.8650306748466257,JNJ
275,2020-11-19,0.0,JNJ
276,2020-11-20,-1.666666666666667,JNJ
277,2020-11-22,0.0,JNJ
278,2020-11-23,1.5,JNJ
279,2020-11-24,0.0,JNJ
280,2020-11-25,1.0,JNJ
281,2020-11-30,0.027759634225996,JNJ
282,2020-12-01,1.0096296296296297,JNJ
283,2020-12-02,7.0,JNJ
284,2020-12-03,5.0,JNJ
285,2020-12-04,0.0,JNJ
286,2020-12-05,0.0,JNJ
287,2020-12-06,0.0,JNJ
288,2020-12-07,4.222222222222222,JNJ
289,2020-12-08,0.4700854700854701,JNJ
290,2020-12-09,5.166666666666666,JNJ
291,2020-12-10,-2.0,JNJ
292,2020-12-11,4.5600000000000005,JNJ
293,2020-12-12,0.0,JNJ
294,2020-12-13,0.0,JNJ
295,2020-12-14,3.0,JNJ
296,2020-12-15,5.0,JNJ
297,2020-12-16,1.0,JNJ
298,2020-12-18,0.0100633619083115,JNJ
299,2020-12-19,4.0,JNJ
300,2020-12-20,0.0,JNJ
301,2020-12-21,0.0003738384305906,JNJ
302,2020-12-22,4.0,JNJ
303,2020-12-23,8.0,JNJ
304,2020-12-24,0.0,JNJ
305,2020-12-28,1.0,JNJ
306,2020-12-29,3.5,JNJ
307,2020-12-30,-0.0129288910989557,JNJ
308,2021-01-01,0.0,JNJ
309,2021-01-02,0.3827160493827161,JNJ
310,2021-01-03,-0.7574217161447743,JNJ
311,2021-01-05,0.0,JNJ
312,2021-01-06,5.0,JNJ
313,2021-01-07,0.0,JNJ
314,2021-01-09,0.0,JNJ
315,2021-01-10,-0.0208067940552016,JNJ
316,2021-01-11,1.0,JNJ
317,2021-01-12,1.6403637430331477,JNJ
318,2021-01-13,0.8018047639924009,JNJ
319,2021-01-14,0.0043050430504305,JNJ
320,2021-01-15,0.0171719313122747,JNJ
321,2021-01-17,5.0,JNJ
322,2021-01-18,0.0348144754924416,JNJ
323,2021-01-20,0.0,JNJ
324,2021-01-21,-1.0,JNJ
325,2021-01-22,-0.6341463414634146,JNJ
326,2021-01-23,1.296301450888974,JNJ
327,2021-01-25,0.9832214765100672,JNJ
328,2021-01-26,-0.2970523537175539,JNJ
329,2021-01-27,0.057899599630428,JNJ
330,2021-01-28,0.0453273642977056,JNJ
331,2021-01-29,0.0111120981353318,JNJ
332,2021-01-30,0.1997679045092838,JNJ
333,2021-01-31,0.1130369253956292,JNJ
334,2021-02-01,0.1304347826086956,JNJ
335,2021-02-02,2.0548712206047037,JNJ
336,2021-02-03,0.0017262213015708,JNJ
337,2021-02-04,-1.362591031046378,JNJ
338,2021-02-05,1.689836135803791,JNJ
339,2021-02-07,0.0,JNJ
340,2021-02-08,9.0,JNJ
341,2021-02-09,-1.881711168532874,JNJ
342,2021-02-10,0.1912894961571306,JNJ
343,2021-02-11,0.0178571428571428,JNJ
344,2021-02-12,0.0,JNJ
345,2021-02-14,0.0,JNJ
346,2021-02-15,0.0,JNJ
347,2021-02-16,0.3598499061913696,JNJ
348,2021-02-17,4.074716981132076,JNJ
349,2021-02-18,0.1809458533241946,JNJ
350,2021-02-19,-0.2666666666666666,JNJ
351,2021-02-21,0.0,JNJ
352,2021-02-22,-1.7110941086457536,JNJ
353,2021-02-23,0.0041530054644808,JNJ
354,2021-02-24,0.2721592929344237,JNJ
355,2021-02-25,-1.0115591251967222,JNJ
356,2021-02-26,0.4279529993815708,JNJ
357,2021-02-27,-0.0912361801302053,JNJ
358,2021-02-28,1.69378550657654,JNJ
359,2021-03-01,-0.4232245183706277,JNJ
360,2021-03-02,2.14827019121654,JNJ
361,2021-03-03,0.0780407044786344,JNJ
362,2021-03-04,-2.2905498597765623,JNJ
363,2021-03-05,6.603323864563946,JNJ
364,2021-03-06,1.5849031242199052,JNJ
365,2021-03-08,0.8582866293034429,JNJ
366,2021-03-09,0.580414809424179,JNJ
367,2021-03-10,0.1856712460833935,JNJ
368,2021-03-11,-0.3164686535105383,JNJ
369,2021-03-12,-1.153324817633832,JNJ
370,2021-03-13,-2.1658980726025776,JNJ
371,2021-03-14,0.3652964297412381,JNJ
372,2021-03-15,0.3039041974705199,JNJ
373,2021-03-16,1.6271620755925689,JNJ
374,2021-03-17,4.0,JNJ
375,2021-03-18,0.7657623807018863,JNJ
376,2021-03-19,0.0010220470141626,JNJ
377,2021-03-20,0.0,JNJ
378,2021-03-21,0.0004511956685215,JNJ
379,2021-03-22,0.0,JNJ
380,2021-03-23,0.0190654205607476,JNJ
381,2021-03-24,1.9686703642632288,JNJ
382,2021-03-25,0.0591787439613526,JNJ
383,2021-03-26,0.015872065165309,JNJ
384,2021-03-28,0.8474672737620945,JNJ
385,2021-03-29,0.690828167223017,JNJ
386,2021-03-30,1.648469501750205,JNJ
387,2021-03-31,-0.0776843086777613,JNJ
388,2021-04-01,-0.1570402440224343,JNJ
389,2021-04-02,-1.1502733636502989,JNJ
390,2021-04-03,0.2833846711360753,JNJ
391,2021-04-04,0.0,JNJ
392,2021-04-05,-0.7253065073876139,JNJ
393,2021-04-06,4.577115384615386,JNJ
394,2021-04-07,0.2184310976084754,JNJ
395,2021-04-08,1.243874788885547,JNJ
396,2021-04-09,0.0,JNJ
397,2021-04-10,-0.5159544294223315,JNJ
398,2021-04-11,0.162979683972912,JNJ
399,2021-04-12,0.0,JNJ
400,2021-04-13,-0.0615126466147092,JNJ
401,2021-04-14,1.5880273748489369,JNJ
402,2021-04-15,6.45664130969753,JNJ
403,2021-04-16,-0.1427046237845816,JNJ
404,2021-04-17,-0.0696890751543297,JNJ
405,2021-04-18,-1.0763666623991806,JNJ
406,2021-04-19,1.0027085590465872,JNJ
407,2021-04-20,0.0078843626806833,JNJ
408,2021-04-21,-0.711038200140614,JNJ
409,2021-04-22,0.0005828779599271,JNJ
410,2021-04-23,1.0714779540605297,JNJ
411,2021-04-24,-0.3474496221662468,JNJ
412,2021-04-25,-0.5148342059336823,JNJ
413,2021-04-26,-1.2677702044790653,JNJ
414,2021-04-27,-7.900504355800092,JNJ
415,2021-04-28,-0.4350189915841215,JNJ
416,2021-04-29,0.0,JNJ
417,2021-04-30,-1.6215995647442871,JNJ
418,2021-05-02,-0.4062406836927357,JNJ
419,2021-05-03,1.9222499220941105,JNJ
420,2021-05-04,-1.139240506329114,JNJ
421,2021-05-05,0.0,JNJ
422,2021-05-06,1.987023519870235,JNJ
423,2021-05-07,0.0016059957173447,JNJ
424,2021-05-08,0.0,JNJ
425,2021-05-09,-0.3025570356760067,JNJ
426,2021-05-10,-0.1452769356623839,JNJ
427,2021-05-11,0.0,JNJ
428,2021-05-12,4.0,JNJ
429,2021-05-13,-1.189709172259508,JNJ
430,2021-05-14,0.6551410373066424,JNJ
431,2021-05-15,1.0,JNJ
432,2021-05-16,-7.0,JNJ
433,2021-05-17,1.775547818963752,JNJ
434,2021-05-18,-0.980728948470884,JNJ
435,2021-05-19,0.0641857635368079,JNJ
436,2021-05-20,3.348954166190422,JNJ
437,2021-05-21,0.0213838191228548,JNJ
438,2021-05-22,0.0,JNJ
439,2021-05-23,0.0,JNJ
440,2021-05-24,0.0,JNJ
441,2021-05-25,0.0,JNJ
442,2021-05-26,-0.1723737417190054,JNJ
443,2021-05-27,0.0,JNJ
444,2021-05-28,0.0056965944272445,JNJ
445,2021-05-30,-1.520690057116214,JNJ
446,2021-05-31,-0.2717982170036964,JNJ
447,2021-06-01,2.2798725438130645,JNJ
448,2021-06-02,0.3768891687657431,JNJ
449,2021-06-03,0.1376920867442194,JNJ
450,2021-06-04,-0.8055524872049781,JNJ
451,2021-06-05,0.4865214578391201,JNJ
452,2021-06-06,0.0,JNJ
453,2021-06-07,-1.9206349206349207,JNJ
454,2021-06-08,8.0,JNJ
455,2021-06-09,0.3899049012435991,JNJ
456,2021-06-10,1.0,JNJ
457,2021-06-11,0.0015987210231814,JNJ
458,2021-06-12,0.0,JNJ
459,2021-06-13,-3.955942750466708,JNJ
460,2021-06-14,-0.7665470047116895,JNJ
461,2021-06-15,0.2728400954653938,JNJ
462,2021-06-16,0.0043263288009888,JNJ
463,2021-06-17,0.0256983240223463,JNJ
464,2021-06-18,0.0,JNJ
465,2021-06-19,0.0,JNJ
466,2021-06-20,0.0387243735763098,JNJ
467,2021-06-21,0.0,JNJ
468,2021-06-22,2.8235294117647056,JNJ
469,2021-06-23,0.7286946352872387,JNJ
470,2021-06-24,0.4428364688856729,JNJ
471,2021-06-25,3.0,JNJ
472,2021-06-26,-4.105485734707249,JNJ
473,2021-06-27,0.7901601830663616,JNJ
474,2021-06-28,1.0,JNJ
475,2021-06-29,1.852941176470588,JNJ
476,2021-06-30,-1.4025389844062377,JNJ
477,2021-07-01,0.9966266360815006,JNJ
478,2021-07-02,0.8689538043478261,JNJ
479,2021-07-03,1.7204533876719308,JNJ
480,2021-07-04,0.3078393881453155,JNJ
481,2021-07-05,0.1545793617903025,JNJ
482,2021-07-06,0.0016844469399213,JNJ
483,2021-07-07,0.0,JNJ
484,2021-07-08,0.0,JNJ
485,2021-07-09,0.2223457476375764,JNJ
486,2021-07-10,7.0,JNJ
487,2021-07-11,5.186026696961091,JNJ
488,2021-07-12,0.4525512005649718,JNJ
489,2021-07-13,0.1667929101651265,JNJ
490,2021-07-14,0.0,JNJ
491,2021-07-15,-0.309167209319152,JNJ
492,2021-07-16,0.6046182846371347,JNJ
493,2021-07-17,0.0,JNJ
494,2021-07-19,0.0009345794392523,JNJ
495,2021-07-20,-2.8173527443105755,JNJ
496,2021-07-21,0.0454545454545454,JNJ
497,2021-07-22,0.0157606212882594,JNJ
498,2021-07-23,2.15,JNJ
499,2021-07-24,0.9868131868131867,JNJ
500,2021-07-25,2.650686641697878,JNJ
501,2021-07-26,-1.0,JNJ
502,2021-07-28,1.503788868565456,JNJ
503,2021-07-29,4.0,JNJ
504,2021-07-30,2.6666666666666665,JNJ
505,2021-07-31,0.0,JNJ
506,2021-08-01,-2.0,JNJ
507,2021-08-02,0.4532546403216149,JNJ
508,2021-08-03,5.75054054054054,JNJ
509,2021-08-04,0.0,JNJ
510,2021-08-05,-0.4418968212610735,JNJ
511,2021-08-06,-1.373097080109808,JNJ
512,2021-08-07,0.3129902429691984,JNJ
513,2021-08-09,0.0,JNJ
514,2021-08-10,-8.610005527915975,JNJ
515,2021-08-11,-0.1740879828326181,JNJ
516,2021-08-14,0.0,JNJ
517,2021-08-15,-3.0,JNJ
518,2021-08-16,5.1889763779527565,JNJ
519,2021-08-17,0.0,JNJ
520,2021-08-18,-1.6704971475142625,JNJ
521,2021-08-19,2.0,JNJ
522,2021-08-20,0.0009699321047526,JNJ
523,2021-08-21,0.0,JNJ
524,2021-08-23,6.384264811705445,JNJ
525,2021-08-24,-1.9779531213738688,JNJ
526,2021-08-25,1.8464598249801116,JNJ
527,2021-08-26,0.0181915462814339,JNJ
528,2021-08-27,-2.2702108963093144,JNJ
529,2021-08-28,0.0,JNJ
530,2021-08-29,0.0,JNJ
531,2021-08-30,0.0143781452192667,JNJ
532,2021-08-31,0.0,JNJ
533,2021-09-01,2.8285714285714283,JNJ
534,2021-09-02,1.0,JNJ
535,2021-09-03,-2.990769230769231,JNJ
536,2021-09-06,0.0,JNJ
537,2021-09-07,0.0,JNJ
538,2021-09-08,4.0,JNJ
539,2021-09-09,4.0,JNJ
540,2021-09-10,1.5056516410186571,JNJ
541,2021-09-12,1.0,JNJ
542,2021-09-13,0.0,JNJ
543,2021-09-14,0.0,JNJ
544,2021-09-15,0.5447910535609182,JNJ
545,2021-09-16,-4.186757215619695,JNJ
546,2021-09-17,3.0,JNJ
547,2021-09-18,5.923076923076923,JNJ
548,2021-09-19,0.0,JNJ
549,2021-09-20,0.5,JNJ
550,2021-09-21,1.0913186622769018,JNJ
551,2021-09-22,-0.0411522633744856,JNJ
552,2021-09-23,0.0006644518272425,JNJ
553,2021-09-24,6.0,JNJ
554,2021-09-26,-3.676855073826766,JNJ
555,2021-09-27,0.0,JNJ
556,2021-09-28,0.0419313850063532,JNJ
557,2021-09-29,-0.5859872611464968,JNJ
558,2021-09-30,-1.8010590015128594,JNJ
559,2021-10-01,8.0,JNJ
560,2021-10-04,-0.6159879660470614,JNJ
561,2021-10-05,6.714285714285714,JNJ
562,2021-10-06,-0.6414141414141414,JNJ
563,2021-10-07,0.0,JNJ
564,2021-10-08,3.141025641025641,JNJ
565,2021-10-10,2.0,JNJ
566,2021-10-11,0.0113446780113446,JNJ
567,2021-10-12,8.0,JNJ
568,2021-10-13,-0.0383631713554987,JNJ
569,2021-10-14,1.7106874234738498,JNJ
570,2021-10-15,-1.7321204516938522,JNJ
571,2021-10-16,0.6054829185997469,JNJ
572,2021-10-17,-3.0,JNJ
573,2021-10-18,2.033557046979866,JNJ
574,2021-10-19,-0.4873769790329482,JNJ
575,2021-10-20,0.0063486616334934,JNJ
576,2021-10-21,0.991271995314266,JNJ
577,2021-10-22,-0.101829753381066,JNJ
578,2021-10-23,2.0,JNJ
579,2021-10-24,2.0,JNJ
580,2021-10-25,0.000742890307603,JNJ
581,2021-10-26,4.0,JNJ
582,2021-10-27,0.0,JNJ
583,2021-10-28,-0.0769230769230768,JNJ
584,2021-10-29,13.5,JNJ
585,2021-10-30,5.0,JNJ
586,2021-11-01,2.0,JNJ
587,2021-11-02,3.3448275862068964,JNJ
588,2021-11-03,1.0367751060820367,JNJ
589,2021-11-04,-2.354064516129033,JNJ
590,2021-11-05,4.300000000000001,JNJ
591,2021-11-06,-5.995240928019037,JNJ
592,2021-11-07,0.0,JNJ
593,2021-11-08,1.158047646717025,JNJ
594,2021-11-09,1.72,JNJ
595,2021-11-10,-4.170693928128872,JNJ
596,2021-11-11,3.991012582384661,JNJ
597,2021-11-12,0.0158835208471211,JNJ
598,2021-11-13,0.0,JNJ
599,2021-11-15,3.1,JNJ
600,2021-11-16,-2.919311457772996,JNJ
601,2021-11-17,0.0267527675276752,JNJ
602,2021-11-18,-1.9513994910941477,JNJ
603,2021-11-19,5.181818181818182,JNJ
604,2021-11-20,2.0,JNJ
605,2021-11-21,1.0,JNJ
606,2021-11-22,0.175,JNJ
607,2021-11-23,0.0,JNJ
608,2021-11-24,0.9166666666666669,JNJ
609,2021-11-25,0.0,JNJ
610,2021-11-27,1.3333333333333333,JNJ
611,2021-11-28,-2.0,JNJ
612,2021-11-29,0.0435816164817749,JNJ
613,2021-11-30,0.1752747252747253,JNJ
614,2021-12-01,1.9655172413793105,JNJ
615,2021-12-02,3.95,JNJ
616,2021-12-03,0.4814814814814814,JNJ
617,2021-12-04,0.0,JNJ
618,2021-12-05,0.0,JNJ
619,2021-12-06,0.0,JNJ
620,2021-12-07,9.0,JNJ
621,2021-12-08,0.3764687075373671,JNJ
622,2021-12-09,1.0,JNJ
623,2021-12-10,0.0,JNJ
624,2021-12-13,0.0,JNJ
625,2021-12-14,3.990068280571074,JNJ
626,2021-12-15,2.0,JNJ
627,2021-12-16,-0.2580587982071865,JNJ
628,2021-12-17,0.0499310270211787,JNJ
629,2021-12-18,0.0,JNJ
630,2021-12-19,1.0,JNJ
631,2021-12-20,-0.6515798462852262,JNJ
632,2021-12-21,-0.9367469879518072,JNJ
633,2021-12-22,5.0,JNJ
634,2021-12-23,0.0,JNJ
635,2021-12-24,0.0,JNJ
636,2021-12-25,4.0,JNJ
637,2021-12-26,3.0,JNJ
638,2021-12-27,0.0016486104569006,JNJ
639,2021-12-28,0.651690492398457,JNJ
640,2021-12-29,0.367757193535672,JNJ
641,2021-12-30,0.0313207547169811,JNJ
642,2021-12-31,-0.9992056286881524,JNJ
643,2022-01-02,0.0,JNJ
644,2022-01-03,4.458333333333334,JNJ
645,2022-01-04,0.0,JNJ
646,2022-01-05,0.0,JNJ
647,2022-01-06,0.0,JNJ
648,2022-01-07,0.0,JNJ
649,2022-01-08,0.0,JNJ
650,2022-01-10,-0.9984901862103672,JNJ
651,2022-01-11,0.0,JNJ
652,2022-01-12,0.0,JNJ
653,2022-01-13,9.0,JNJ
654,2022-01-17,-1.8947368421052635,JNJ
655,2022-01-18,4.8125,JNJ
656,2022-01-19,0.0,JNJ
657,2022-01-20,-2.0,JNJ
658,2022-01-21,8.0,JNJ
659,2022-01-24,2.111111111111111,JNJ
660,2022-01-25,0.0697674418604651,JNJ
661,2022-01-26,-1.973415877640204,JNJ
662,2022-01-27,-2.966343564889607,JNJ
663,2022-01-28,0.0,JNJ
664,2022-01-31,0.0,JNJ
665,2022-02-01,5.0,JNJ
666,2022-02-02,0.0336370007007708,JNJ
667,2022-02-03,0.0066334991708126,JNJ
668,2022-02-04,6.0,JNJ
669,2022-02-05,0.0,JNJ
670,2022-02-06,0.0,JNJ
671,2022-02-07,0.0,JNJ
672,2022-02-08,0.0,JNJ
673,2022-02-09,-2.0,JNJ
674,2022-02-10,0.0,JNJ
675,2022-02-11,1.0,JNJ
676,2022-02-12,-1.0,JNJ
677,2022-02-14,2.0,JNJ
678,2022-02-15,0.0,JNJ
679,2022-02-17,5.0,JNJ
680,2022-02-18,0.6472068444891796,JNJ
681,2022-02-22,3.0,JNJ
682,2022-02-23,0.0,JNJ
683,2022-02-24,0.0,JNJ
684,2022-02-25,0.0,JNJ
685,2022-02-28,0.0,JNJ
686,2022-03-02,0.0055423594615993,JNJ
687,2022-03-04,8.0,JNJ
688,2022-03-07,-1.9629629629629628,JNJ
689,2022-03-08,-2.793062904174015,JNJ
690,2022-03-09,0.0,JNJ
691,2022-03-11,0.0,JNJ
692,2022-03-14,1.0,JNJ
693,2022-03-18,0.0,JNJ
694,2022-03-21,-6.276257981371917,JNJ
695,2022-03-22,0.0,JNJ
696,2022-03-23,0.0,JNJ
697,2022-03-24,-3.368981407913555,JNJ
698,2022-03-25,0.487011133314302,JNJ
699,2022-03-29,0.9975692099932476,JNJ
700,2022-03-30,1.9965344628417403,JNJ
701,2022-04-02,2.3609831029185866,JNJ
702,2022-04-04,0.0,JNJ
703,2022-04-05,0.0,JNJ
704,2022-04-07,0.0,JNJ
705,2022-04-08,0.0,JNJ
706,2022-04-10,-1.0,JNJ
707,2022-04-11,0.0,JNJ
708,2022-04-12,0.0,JNJ
709,2022-04-13,6.0,JNJ
710,2022-04-14,6.0,JNJ
711,2022-04-15,0.0,JNJ
712,2022-04-16,-0.5595831445400997,JNJ
713,2022-04-17,5.0,JNJ
714,2022-04-18,0.5052552552552553,JNJ
715,2022-04-19,0.3144820295983087,JNJ
716,2022-04-20,1.5746296999620204,JNJ
717,2022-04-21,1.3346865133062698,JNJ
718,2022-04-22,0.42,JNJ
719,2022-04-23,0.6866319444444444,JNJ
720,2022-04-24,0.90418410041841,JNJ
721,2022-04-25,-1.261139240506329,JNJ
722,2022-04-26,0.3904018842926542,JNJ
723,2022-04-27,0.3641732283464566,JNJ
724,2022-04-28,0.1826923076923076,JNJ
725,2022-04-29,2.230184581976113,JNJ
0,2020-01-01,0.0,MRNA
1,2020-01-02,0.0,MRNA
2,2020-01-03,0.0,MRNA
3,2020-01-04,0.0,MRNA
4,2020-01-05,0.0,MRNA
5,2020-01-06,0.9767202130401168,MRNA
6,2020-01-07,0.0,MRNA
7,2020-01-08,0.0160965794768611,MRNA
8,2020-01-09,0.0151057401812688,MRNA
9,2020-01-10,-1.9988502443230811,MRNA
10,2020-01-12,0.0256593014967925,MRNA
11,2020-01-13,0.2630017179447134,MRNA
12,2020-01-14,0.5217391304347826,MRNA
13,2020-01-15,2.0,MRNA
14,2020-01-17,0.0,MRNA
15,2020-01-18,0.0,MRNA
16,2020-01-19,0.0,MRNA
17,2020-01-20,0.0,MRNA
18,2020-01-21,0.2250601517675365,MRNA
19,2020-01-22,2.799440950384347,MRNA
20,2020-01-23,-0.1060791388905877,MRNA
21,2020-01-25,0.0,MRNA
22,2020-01-26,0.0,MRNA
23,2020-01-27,0.0,MRNA
24,2020-01-28,0.0040725657164013,MRNA
25,2020-01-29,0.77045199850579,MRNA
26,2020-01-30,2.030821917808219,MRNA
27,2020-01-31,0.0727650727650727,MRNA
28,2020-02-01,0.0,MRNA
29,2020-02-03,-1.9898989898989896,MRNA
30,2020-02-04,0.0,MRNA
31,2020-02-05,0.0,MRNA
32,2020-02-06,0.0,MRNA
33,2020-02-07,0.0847909185682845,MRNA
34,2020-02-08,0.0,MRNA
35,2020-02-10,0.5454545454545454,MRNA
36,2020-02-11,0.0,MRNA
37,2020-02-12,-1.2897928718044411,MRNA
38,2020-02-13,0.1924875060454619,MRNA
39,2020-02-14,-0.0029905884422552,MRNA
40,2020-02-15,0.0,MRNA
41,2020-02-16,0.0,MRNA
42,2020-02-17,0.0,MRNA
43,2020-02-18,0.0488663422714566,MRNA
44,2020-02-19,-0.0064469914040114,MRNA
45,2020-02-20,-0.0195227765726681,MRNA
46,2020-02-21,0.0,MRNA
47,2020-02-23,0.0,MRNA
48,2020-02-24,0.6630375612411541,MRNA
49,2020-02-25,1.4016645387052538,MRNA
50,2020-02-26,0.0054354247902635,MRNA
51,2020-02-27,0.0038223516563523,MRNA
52,2020-02-28,-0.163831432437657,MRNA
53,2020-02-29,0.0011098009294582,MRNA
54,2020-03-01,-0.2731943628890194,MRNA
55,2020-03-02,0.0,MRNA
56,2020-03-03,-0.6412770236299647,MRNA
57,2020-03-04,0.0,MRNA
58,2020-03-05,0.002389486260454,MRNA
59,2020-03-06,0.0,MRNA
60,2020-03-07,-0.3273876721607586,MRNA
61,2020-03-08,-2.0,MRNA
62,2020-03-09,0.0007869884575026,MRNA
63,2020-03-10,0.0,MRNA
64,2020-03-11,-0.8433125620879618,MRNA
65,2020-03-12,-0.0607628274467384,MRNA
66,2020-03-13,0.0,MRNA
67,2020-03-14,0.0,MRNA
68,2020-03-15,0.0,MRNA
69,2020-03-16,1.05599173553719,MRNA
70,2020-03-17,0.0022883295194508,MRNA
71,2020-03-18,0.0002030044660982,MRNA
72,2020-03-19,0.0,MRNA
73,2020-03-20,0.0,MRNA
74,2020-03-21,0.0,MRNA
75,2020-03-22,0.0,MRNA
76,2020-03-23,-0.1238156073671883,MRNA
77,2020-03-24,0.0,MRNA
78,2020-03-25,0.3891551827441581,MRNA
79,2020-03-26,0.0,MRNA
80,2020-03-27,-1.4904125508425334,MRNA
81,2020-03-28,1.76584367573277,MRNA
82,2020-03-29,1.938646733326861,MRNA
83,2020-03-30,-0.6872569548309901,MRNA
84,2020-03-31,0.4606958762886597,MRNA
85,2020-04-01,0.0,MRNA
86,2020-04-02,1.3048442083564575,MRNA
87,2020-04-03,0.0069978046103183,MRNA
88,2020-04-04,-1.635216819973719,MRNA
89,2020-04-06,0.0001387154945207,MRNA
90,2020-04-07,0.9258064516129032,MRNA
91,2020-04-08,0.2961209251502458,MRNA
92,2020-04-09,0.0,MRNA
93,2020-04-10,-2.278590681555641,MRNA
94,2020-04-11,1.2734584450402144,MRNA
95,2020-04-12,0.0,MRNA
96,2020-04-14,-2.4292170924846856,MRNA
97,2020-04-15,0.0,MRNA
98,2020-04-16,0.2459822892751721,MRNA
99,2020-04-17,0.0010210288494959,MRNA
100,2020-04-18,0.0,MRNA
101,2020-04-19,0.0,MRNA
102,2020-04-20,0.4167451877776282,MRNA
103,2020-04-21,-0.1956760144132852,MRNA
104,2020-04-22,0.0063435263500325,MRNA
105,2020-04-23,-2.3225806451612905,MRNA
106,2020-04-24,0.0,MRNA
107,2020-04-25,0.0,MRNA
108,2020-04-26,0.0,MRNA
109,2020-04-27,0.1300467488312792,MRNA
110,2020-04-28,-1.0100563766570168,MRNA
111,2020-04-29,-0.7572742474916387,MRNA
112,2020-04-30,0.0,MRNA
113,2020-05-01,1.9807692307692308,MRNA
114,2020-05-02,-1.0,MRNA
115,2020-05-03,0.0,MRNA
116,2020-05-04,0.2244556113902847,MRNA
117,2020-05-05,0.0,MRNA
118,2020-05-06,0.9030732860520094,MRNA
119,2020-05-07,0.5473950795947902,MRNA
120,2020-05-08,-1.5728704077513125,MRNA
121,2020-05-09,0.0,MRNA
122,2020-05-11,0.3407578084997439,MRNA
123,2020-05-12,-0.0009255994358251,MRNA
124,2020-05-13,0.0,MRNA
125,2020-05-14,0.0,MRNA
126,2020-05-15,-0.2698661744347023,MRNA
127,2020-05-16,0.0,MRNA
128,2020-05-17,0.0,MRNA
129,2020-05-18,1.03922304702164,MRNA
130,2020-05-19,1.159103172890136,MRNA
131,2020-05-20,1.7171308542088066,MRNA
132,2020-05-21,0.0011049723756906,MRNA
133,2020-05-22,1.4207559681697612,MRNA
134,2020-05-23,0.0,MRNA
135,2020-05-24,0.0,MRNA
136,2020-05-25,0.3071096030931902,MRNA
137,2020-05-26,0.4054467271858576,MRNA
138,2020-05-27,0.0,MRNA
139,2020-05-28,0.1887898974212268,MRNA
140,2020-05-29,0.276490577695397,MRNA
141,2020-05-30,1.6679132385938669,MRNA
142,2020-05-31,-1.0,MRNA
143,2020-06-01,-0.6612305411415864,MRNA
144,2020-06-02,3.0,MRNA
145,2020-06-03,3.0,MRNA
146,2020-06-04,0.1129426129426129,MRNA
147,2020-06-05,0.0,MRNA
148,2020-06-06,1.057646498332539,MRNA
149,2020-06-07,0.0,MRNA
150,2020-06-08,-0.0265363442309852,MRNA
151,2020-06-09,-0.0563251563251563,MRNA
152,2020-06-10,0.0268456375838926,MRNA
153,2020-06-11,0.3639803253878169,MRNA
154,2020-06-12,0.5361361615648418,MRNA
155,2020-06-13,0.0,MRNA
156,2020-06-14,0.0,MRNA
157,2020-06-15,0.1387503400743629,MRNA
158,2020-06-16,0.0,MRNA
159,2020-06-17,-1.0,MRNA
160,2020-06-18,0.0,MRNA
161,2020-06-19,1.489630545254773,MRNA
162,2020-06-20,0.0,MRNA
163,2020-06-21,0.0,MRNA
164,2020-06-22,0.0793060718711276,MRNA
165,2020-06-23,0.1569954206821133,MRNA
166,2020-06-24,0.0,MRNA
167,2020-06-25,0.0,MRNA
168,2020-06-26,1.5668067762068525,MRNA
169,2020-06-27,0.0,MRNA
170,2020-06-28,0.0,MRNA
171,2020-06-29,0.0051067869008068,MRNA
172,2020-06-30,0.0,MRNA
173,2020-07-01,6.27549419516787e-05,MRNA
174,2020-07-02,-0.4031536113936927,MRNA
175,2020-07-03,0.3360086328994402,MRNA
176,2020-07-04,0.0004198152812762,MRNA
177,2020-07-05,0.9522651650883032,MRNA
178,2020-07-06,0.0,MRNA
179,2020-07-07,-1.8328591171449475,MRNA
180,2020-07-08,1.6121535922161412,MRNA
181,2020-07-09,0.0,MRNA
182,2020-07-10,0.0067924528301886,MRNA
183,2020-07-11,0.0640208574739281,MRNA
184,2020-07-12,-2.0,MRNA
185,2020-07-13,0.1896143437077131,MRNA
186,2020-07-14,0.7192544196771714,MRNA
187,2020-07-15,-0.0242722361099911,MRNA
188,2020-07-16,0.0831699803976477,MRNA
189,2020-07-17,-0.5259971509971509,MRNA
190,2020-07-18,0.7231731064876499,MRNA
191,2020-07-19,1.34390243902439,MRNA
192,2020-07-20,1.4329619669611986,MRNA
193,2020-07-21,-0.1433610975012249,MRNA
194,2020-07-22,0.0,MRNA
195,2020-07-23,0.9824834016103968,MRNA
196,2020-07-24,-0.1518790812365861,MRNA
197,2020-07-25,-0.643620011242271,MRNA
198,2020-07-26,0.5020521647027671,MRNA
199,2020-07-27,1.2249674902470742,MRNA
200,2020-07-28,-0.7073198198198198,MRNA
201,2020-07-29,0.2510674146546937,MRNA
202,2020-07-30,-0.0041551246537396,MRNA
203,2020-07-31,0.2472440944881889,MRNA
204,2020-08-01,0.8466761972837742,MRNA
205,2020-08-02,-3.0,MRNA
206,2020-08-03,-0.4962104962104962,MRNA
207,2020-08-04,0.0,MRNA
208,2020-08-05,0.7598011363636363,MRNA
209,2020-08-06,0.021165963173671,MRNA
210,2020-08-07,0.6739639912873252,MRNA
211,2020-08-08,-0.6536926147704591,MRNA
212,2020-08-09,1.5904872389791185,MRNA
213,2020-08-10,-1.0899091343854614,MRNA
214,2020-08-11,1.5071529316945398,MRNA
215,2020-08-12,0.0424884857434166,MRNA
216,2020-08-13,0.0038853812530354,MRNA
217,2020-08-14,-0.2994935543278085,MRNA
218,2020-08-15,0.1610257227044676,MRNA
219,2020-08-16,-0.1555784930092896,MRNA
220,2020-08-17,-0.0016488046166529,MRNA
221,2020-08-18,0.8220266818052796,MRNA
222,2020-08-19,2.4908456843940714,MRNA
223,2020-08-20,0.5027855153203342,MRNA
224,2020-08-21,0.5097511768661734,MRNA
225,2020-08-22,0.5534804753820034,MRNA
226,2020-08-23,0.0,MRNA
227,2020-08-24,0.0510163411717815,MRNA
228,2020-08-25,0.9375743162901308,MRNA
229,2020-08-26,-0.0801614763552479,MRNA
230,2020-08-27,-0.5,MRNA
231,2020-08-28,1.535988483685221,MRNA
232,2020-08-29,0.7245370370370371,MRNA
233,2020-08-30,-0.0001337077149351,MRNA
234,2020-08-31,0.1951109099139882,MRNA
235,2020-09-01,0.9112816285116369,MRNA
236,2020-09-02,-0.0034762456546929,MRNA
237,2020-09-03,-1.3187690651354746,MRNA
238,2020-09-04,4.186742118027486,MRNA
239,2020-09-05,0.0012515644555694,MRNA
240,2020-09-06,0.4909808342728297,MRNA
241,2020-09-07,0.4747157252472959,MRNA
242,2020-09-08,0.1031588585380741,MRNA
243,2020-09-09,0.1557372362929506,MRNA
244,2020-09-10,0.0,MRNA
245,2020-09-11,0.0906282183316168,MRNA
246,2020-09-12,2.0,MRNA
247,2020-09-13,-2.0,MRNA
248,2020-09-14,0.0538606403013182,MRNA
249,2020-09-15,0.0,MRNA
250,2020-09-16,0.0,MRNA
251,2020-09-17,0.4427109974424552,MRNA
252,2020-09-18,-5.07227998985544e-05,MRNA
253,2020-09-19,0.0,MRNA
254,2020-09-20,0.0,MRNA
255,2020-09-21,0.2040873071041289,MRNA
256,2020-09-22,0.0,MRNA
257,2020-09-23,0.0,MRNA
258,2020-09-24,1.0036964557512502,MRNA
259,2020-09-25,0.0002186270222999,MRNA
260,2020-09-26,0.0,MRNA
261,2020-09-27,0.0003120124804992,MRNA
262,2020-09-28,0.0,MRNA
263,2020-09-29,9.664637092877162e-05,MRNA
264,2020-09-30,1.5724523856273316,MRNA
265,2020-10-01,0.0002068466232288,MRNA
266,2020-10-02,-0.0011003117549972,MRNA
267,2020-10-03,0.6469352014010508,MRNA
268,2020-10-04,-0.0003717932829346,MRNA
269,2020-10-05,0.0027124773960217,MRNA
270,2020-10-06,-0.09129609388483,MRNA
271,2020-10-08,0.5836562949839441,MRNA
272,2020-10-09,0.0,MRNA
273,2020-10-10,0.0,MRNA
274,2020-10-11,0.7876486965325235,MRNA
275,2020-10-12,0.0,MRNA
276,2020-10-13,1.007518796992481,MRNA
277,2020-10-14,1.9581132075471697,MRNA
278,2020-10-15,-0.0043871675349602,MRNA
279,2020-10-16,0.0,MRNA
280,2020-10-17,0.0,MRNA
281,2020-10-18,-1.2627361190612478,MRNA
282,2020-10-19,0.0,MRNA
283,2020-10-20,0.0006854680767724,MRNA
284,2020-10-21,0.0,MRNA
285,2020-10-22,0.1789834736513876,MRNA
286,2020-10-23,2.288267962513016,MRNA
287,2020-10-24,0.0,MRNA
288,2020-10-25,0.0,MRNA
289,2020-10-26,1.3086994838222332,MRNA
290,2020-10-27,0.0844079718640093,MRNA
291,2020-10-28,-0.9292088042831648,MRNA
292,2020-10-29,0.0807319698600645,MRNA
293,2020-10-30,0.7450902598690735,MRNA
294,2020-10-31,0.0,MRNA
295,2020-11-01,0.0,MRNA
296,2020-11-02,1.8527918781725887,MRNA
297,2020-11-03,0.358732299393122,MRNA
298,2020-11-04,0.0,MRNA
299,2020-11-05,0.0,MRNA
300,2020-11-06,0.0,MRNA
301,2020-11-07,4.37292693859256,MRNA
302,2020-11-08,1.4134582032604928,MRNA
303,2020-11-09,1.229050279329609,MRNA
304,2020-11-10,0.9250485436893204,MRNA
305,2020-11-11,-0.0379115397406052,MRNA
306,2020-11-12,2.049039990216461,MRNA
307,2020-11-13,-0.0055555555555555,MRNA
308,2020-11-14,0.0,MRNA
309,2020-11-15,0.0462873674059787,MRNA
310,2020-11-16,2.5856356830999143,MRNA
311,2020-11-17,2.821623338022501,MRNA
312,2020-11-18,2.8076294159340454,MRNA
313,2020-11-19,2.756924290665239,MRNA
314,2020-11-20,-1.0568993952721275,MRNA
315,2020-11-21,0.7179034379109525,MRNA
316,2020-11-22,1.5524155050601491,MRNA
317,2020-11-23,1.333848700649675,MRNA
318,2020-11-24,1.8943819250200569,MRNA
319,2020-11-25,-0.4485654303708887,MRNA
320,2020-11-26,0.4028776978417266,MRNA
321,2020-11-27,0.0299591466182478,MRNA
322,2020-11-28,0.4793974302171023,MRNA
323,2020-11-29,0.0359488529999682,MRNA
324,2020-11-30,1.1883764521916944,MRNA
325,2020-12-01,0.3425551868417256,MRNA
326,2020-12-02,-0.2837275799324149,MRNA
327,2020-12-03,0.1135746238308255,MRNA
328,2020-12-04,0.4621355946504662,MRNA
329,2020-12-05,-0.8145730069655217,MRNA
330,2020-12-06,0.6041857705377852,MRNA
331,2020-12-07,3.1717474621918376,MRNA
332,2020-12-08,0.7525565149898127,MRNA
333,2020-12-09,1.2793307338861737,MRNA
334,2020-12-10,-0.9317760069861368,MRNA
335,2020-12-11,0.9503638863735452,MRNA
336,2020-12-12,1.4377514254731174,MRNA
337,2020-12-13,4.045820474976519,MRNA
338,2020-12-14,-0.6073452014609875,MRNA
339,2020-12-15,1.930534870258696,MRNA
340,2020-12-16,0.0317302332988295,MRNA
341,2020-12-17,5.575365989692321,MRNA
342,2020-12-18,0.6328863170524421,MRNA
343,2020-12-19,0.0844945863294487,MRNA
344,2020-12-20,0.8051270133538319,MRNA
345,2020-12-21,0.4112451680918355,MRNA
346,2020-12-22,0.7406990730913464,MRNA
347,2020-12-23,0.254451366603477,MRNA
348,2020-12-24,0.9545162168179908,MRNA
349,2020-12-25,-1.020584424931625,MRNA
350,2020-12-26,-0.271001844756634,MRNA
351,2020-12-27,0.1782253161101391,MRNA
352,2020-12-28,0.8265275257108288,MRNA
353,2020-12-29,0.5109021205223434,MRNA
354,2020-12-30,0.6817668771544493,MRNA
355,2020-12-31,0.4790370026319864,MRNA
356,2021-01-01,1.181715558856294,MRNA
357,2021-01-02,-1.1541614236922524,MRNA
358,2021-01-03,2.668297556227265,MRNA
359,2021-01-04,0.8956610946834832,MRNA
360,2021-01-05,0.1465751871172601,MRNA
361,2021-01-06,1.1578746352567335,MRNA
362,2021-01-07,0.2112388875295653,MRNA
363,2021-01-08,0.3727569114957457,MRNA
364,2021-01-09,0.2344304614391739,MRNA
365,2021-01-10,-0.1163175475291106,MRNA
366,2021-01-11,1.3251679634289937,MRNA
367,2021-01-12,0.5161640489840226,MRNA
368,2021-01-13,0.2906389975619436,MRNA
369,2021-01-14,0.0173463264081387,MRNA
370,2021-01-15,0.9573067632850242,MRNA
371,2021-01-16,0.9728389366241854,MRNA
372,2021-01-17,0.7359119053217337,MRNA
373,2021-01-18,0.606372696063727,MRNA
374,2021-01-19,0.1033556492272089,MRNA
375,2021-01-20,6.476588499342156,MRNA
376,2021-01-21,0.0913701797568435,MRNA
377,2021-01-22,-2.0072535991140645,MRNA
378,2021-01-23,1.9866042055951787,MRNA
379,2021-01-24,0.4644727739895246,MRNA
380,2021-01-25,0.8595219664273671,MRNA
381,2021-01-26,1.518290272837094,MRNA
382,2021-01-27,0.6374727267139917,MRNA
383,2021-01-28,1.1272948751413905,MRNA
384,2021-01-29,3.411065622054666,MRNA
385,2021-01-30,-1.3279212137343626,MRNA
386,2021-01-31,-0.5746832779789904,MRNA
387,2021-02-01,-0.3426844389336639,MRNA
388,2021-02-02,-0.762910919391779,MRNA
389,2021-02-03,2.473983291633094,MRNA
390,2021-02-04,0.6090785907859079,MRNA
391,2021-02-05,-0.8755335416870472,MRNA
392,2021-02-06,-0.8800511490578373,MRNA
393,2021-02-07,-0.5910659796908608,MRNA
394,2021-02-08,-0.1317073170731707,MRNA
395,2021-02-09,-0.2089342094035327,MRNA
396,2021-02-10,0.1847819125088067,MRNA
397,2021-02-11,0.2978137460296006,MRNA
398,2021-02-12,1.1044977298524403,MRNA
399,2021-02-13,-0.7585187865629335,MRNA
400,2021-02-14,0.5342245497978685,MRNA
401,2021-02-15,0.3973794856751735,MRNA
402,2021-02-16,0.4574484758247786,MRNA
403,2021-02-17,0.1073647552336855,MRNA
404,2021-02-18,2.088103876265037,MRNA
405,2021-02-19,1.346083360744326,MRNA
406,2021-02-20,4.649072953886842,MRNA
407,2021-02-21,0.5397452788757137,MRNA
408,2021-02-22,-0.3476568439619256,MRNA
409,2021-02-23,0.0470295901153512,MRNA
410,2021-02-24,1.5204153071872977,MRNA
411,2021-02-25,1.2437280429840876,MRNA
412,2021-02-26,0.6171610490676639,MRNA
413,2021-02-27,0.9897401298187656,MRNA
414,2021-02-28,1.4516046948058146,MRNA
415,2021-03-01,0.6186327264616499,MRNA
416,2021-03-02,0.8449351705011834,MRNA
417,2021-03-03,2.331378054079348,MRNA
418,2021-03-04,-1.828037037842068,MRNA
419,2021-03-05,1.836408160259243,MRNA
420,2021-03-06,3.671231057977225,MRNA
421,2021-03-07,0.031274173941872,MRNA
422,2021-03-08,0.0206708947254922,MRNA
423,2021-03-09,2.158455311767749,MRNA
424,2021-03-10,0.6814310051107326,MRNA
425,2021-03-11,0.1169060581489632,MRNA
426,2021-03-12,1.515610196752374,MRNA
427,2021-03-13,-1.568338249754179,MRNA
428,2021-03-14,1.3332267916755451,MRNA
429,2021-03-15,2.8216987248757293,MRNA
430,2021-03-16,0.3979738532728334,MRNA
431,2021-03-17,-1.6833064639950868,MRNA
432,2021-03-18,-0.3241344863109918,MRNA
433,2021-03-19,-0.0426905560282268,MRNA
434,2021-03-20,1.166202918221921,MRNA
435,2021-03-21,2.1322525790726674,MRNA
436,2021-03-22,0.6473367887889662,MRNA
437,2021-03-23,0.69628879964686,MRNA
438,2021-03-24,2.9604791714552263,MRNA
439,2021-03-25,1.0682210806914778,MRNA
440,2021-03-26,0.4283846560405018,MRNA
441,2021-03-27,0.1989362596703666,MRNA
442,2021-03-28,0.8433796659950139,MRNA
443,2021-03-29,0.3119386589088661,MRNA
444,2021-03-30,0.770579088724497,MRNA
445,2021-03-31,0.9565837178642056,MRNA
446,2021-04-01,1.5701415325688397,MRNA
447,2021-04-02,3.1580532926001355,MRNA
448,2021-04-03,1.2876840417952982,MRNA
449,2021-04-04,4.306594263831339,MRNA
450,2021-04-05,0.6108655839099871,MRNA
451,2021-04-06,0.9918360830228844,MRNA
452,2021-04-07,0.8448705179282868,MRNA
453,2021-04-08,0.7786029176142639,MRNA
454,2021-04-09,-0.8090663554518173,MRNA
455,2021-04-10,3.728062100813544,MRNA
456,2021-04-11,2.926709593349447,MRNA
457,2021-04-12,2.593085867742684,MRNA
458,2021-04-13,0.817893609006003,MRNA
459,2021-04-14,0.8464259740900071,MRNA
460,2021-04-15,0.5637885665136638,MRNA
461,2021-04-16,0.3458487252467753,MRNA
462,2021-04-17,-0.3068807667548816,MRNA
463,2021-04-18,0.4041001305614141,MRNA
464,2021-04-19,0.5759437123073486,MRNA
465,2021-04-20,0.5472452440311749,MRNA
466,2021-04-21,0.9095085707043504,MRNA
467,2021-04-22,0.4925829295564666,MRNA
468,2021-04-23,-0.0555295961895,MRNA
469,2021-04-24,0.5528803571751352,MRNA
470,2021-04-25,-0.927307673352718,MRNA
471,2021-04-26,0.0452679792992683,MRNA
472,2021-04-27,-0.3815606775895585,MRNA
473,2021-04-28,1.8104528667433557,MRNA
474,2021-04-29,0.0069308785356846,MRNA
475,2021-04-30,-0.1365925142410118,MRNA
476,2021-05-01,1.031325332946926,MRNA
477,2021-05-02,0.0432803589670644,MRNA
478,2021-05-03,0.8687642404138889,MRNA
479,2021-05-04,0.0284217775088165,MRNA
480,2021-05-05,0.9826287596182188,MRNA
481,2021-05-06,0.255539222716191,MRNA
482,2021-05-07,0.406365557316429,MRNA
483,2021-05-08,-0.1341139087486616,MRNA
484,2021-05-09,0.0,MRNA
485,2021-05-10,0.212609649122807,MRNA
486,2021-05-11,0.3700507318210974,MRNA
487,2021-05-12,-0.1010837249448547,MRNA
488,2021-05-13,-0.7636071920615267,MRNA
489,2021-05-14,-0.052210690065871,MRNA
490,2021-05-15,0.0342538690898764,MRNA
491,2021-05-16,0.242989790733127,MRNA
492,2021-05-17,1.5443936065144217,MRNA
493,2021-05-18,-1.9339947222500584,MRNA
494,2021-05-19,-0.0803380700287916,MRNA
495,2021-05-20,0.6163845965170469,MRNA
496,2021-05-21,0.0058716622396197,MRNA
497,2021-05-22,0.3914423581512626,MRNA
498,2021-05-23,0.908205987021143,MRNA
499,2021-05-24,-0.8282877466339232,MRNA
500,2021-05-25,0.4893319599764567,MRNA
501,2021-05-26,0.1966296198076135,MRNA
502,2021-05-27,0.2628570111339066,MRNA
503,2021-05-28,-1.333379226787091,MRNA
504,2021-05-29,0.0045500418096364,MRNA
505,2021-05-30,0.1126939065193146,MRNA
506,2021-05-31,0.1539175459163735,MRNA
507,2021-06-01,0.7240521153564632,MRNA
508,2021-06-02,-0.4642493323421712,MRNA
509,2021-06-03,0.172398717575051,MRNA
510,2021-06-04,-0.5839094298586298,MRNA
511,2021-06-05,0.5872165741958244,MRNA
512,2021-06-06,0.241505968778696,MRNA
513,2021-06-07,1.3394676728010062,MRNA
514,2021-06-08,0.2655034923507621,MRNA
515,2021-06-09,-0.3638960297057984,MRNA
516,2021-06-10,1.441770791457802,MRNA
517,2021-06-11,-0.0372278306905769,MRNA
518,2021-06-12,1.3434471561215688,MRNA
519,2021-06-13,1.51909695376527,MRNA
520,2021-06-14,0.8827410044449808,MRNA
521,2021-06-15,0.1962248995983935,MRNA
522,2021-06-16,-0.6677834902663046,MRNA
523,2021-06-17,0.0328974254188802,MRNA
524,2021-06-18,0.1269655924023042,MRNA
525,2021-06-19,0.2441013690649577,MRNA
526,2021-06-20,-0.5203488372093023,MRNA
527,2021-06-21,1.3352685853307895,MRNA
528,2021-06-22,0.4585017357326133,MRNA
529,2021-06-23,0.6244220062281778,MRNA
530,2021-06-24,0.0942748708010336,MRNA
531,2021-06-25,0.5004886365999209,MRNA
532,2021-06-26,-0.3292376820576387,MRNA
533,2021-06-27,0.0358616718385105,MRNA
534,2021-06-28,1.1287325131970494,MRNA
535,2021-06-29,0.4115457330030924,MRNA
536,2021-06-30,0.3908692150715028,MRNA
537,2021-07-01,0.4280350258681227,MRNA
538,2021-07-02,0.6458207783195457,MRNA
539,2021-07-03,0.0020630200769886,MRNA
540,2021-07-04,0.2807978731217226,MRNA
541,2021-07-05,1.2018703241895263,MRNA
542,2021-07-06,0.169757660725015,MRNA
543,2021-07-07,0.4708361103347451,MRNA
544,2021-07-08,-0.2106243615167357,MRNA
545,2021-07-09,0.1507010615557407,MRNA
546,2021-07-10,0.149101163200564,MRNA
547,2021-07-11,-0.0797559424437554,MRNA
548,2021-07-12,-0.169877420062524,MRNA
549,2021-07-13,0.034338249626405,MRNA
550,2021-07-14,-0.6141345551636616,MRNA
551,2021-07-15,0.2033133591822347,MRNA
552,2021-07-16,-0.0016302631466639,MRNA
553,2021-07-17,0.1056673930601484,MRNA
554,2021-07-18,0.346515870120394,MRNA
555,2021-07-19,0.0116523589223423,MRNA
556,2021-07-20,0.3776454618374776,MRNA
557,2021-07-21,1.119075055696397,MRNA
558,2021-07-22,0.283115734162623,MRNA
559,2021-07-23,-0.0491744196911248,MRNA
560,2021-07-24,-0.21817456420329,MRNA
561,2021-07-25,0.1645392314122404,MRNA
562,2021-07-26,0.4040758047767394,MRNA
563,2021-07-27,0.0536054940862265,MRNA
564,2021-07-28,0.2858688668718087,MRNA
565,2021-07-29,-0.8511137511137511,MRNA
566,2021-07-30,0.5231987173063433,MRNA
567,2021-07-31,-0.340447026139664,MRNA
568,2021-08-01,0.4554163175135218,MRNA
569,2021-08-02,1.2606367278094033,MRNA
570,2021-08-03,0.2143490355516155,MRNA
571,2021-08-04,0.2315423536295735,MRNA
572,2021-08-05,1.2277545400223429,MRNA
573,2021-08-06,-0.2152484185765599,MRNA
574,2021-08-07,0.4359777035984092,MRNA
575,2021-08-08,0.3163052963683963,MRNA
576,2021-08-09,-0.6477477477477478,MRNA
577,2021-08-10,0.4966417709956477,MRNA
578,2021-08-11,0.9368730789004476,MRNA
579,2021-08-12,1.486679134070281,MRNA
580,2021-08-13,0.8922963422506517,MRNA
581,2021-08-14,2.1187173940704924,MRNA
582,2021-08-15,0.8101423487544483,MRNA
583,2021-08-16,3.43408083869909,MRNA
584,2021-08-17,0.8231769529003655,MRNA
585,2021-08-18,-0.017172871663866,MRNA
586,2021-08-19,0.1468508597059556,MRNA
587,2021-08-20,0.3773969987959945,MRNA
588,2021-08-21,0.0777829134162791,MRNA
589,2021-08-22,0.9800412758953996,MRNA
590,2021-08-23,3.004028227037633,MRNA
591,2021-08-24,0.3618675608947194,MRNA
592,2021-08-25,0.8610724233983287,MRNA
593,2021-08-26,-1.099780666387124,MRNA
594,2021-08-27,-0.226111577181208,MRNA
595,2021-08-28,1.4579562117611369,MRNA
596,2021-08-29,2.3713956529862363,MRNA
597,2021-08-30,-0.5115177002259603,MRNA
598,2021-08-31,0.3430956596056406,MRNA
599,2021-09-01,-2.1793830559379304,MRNA
600,2021-09-02,-0.18969476711779,MRNA
601,2021-09-03,0.1699974990337175,MRNA
602,2021-09-04,0.1495075318655851,MRNA
603,2021-09-05,0.1577906269020085,MRNA
604,2021-09-06,-0.4547027561488073,MRNA
605,2021-09-07,-0.230896460469732,MRNA
606,2021-09-08,0.5916769958224304,MRNA
607,2021-09-09,0.8591798934765462,MRNA
608,2021-09-10,0.7442785104732351,MRNA
609,2021-09-11,1.4669790486432508,MRNA
610,2021-09-12,-0.3480145413870246,MRNA
611,2021-09-13,-0.5338487972508591,MRNA
612,2021-09-14,2.3927376065677297,MRNA
613,2021-09-15,-0.1133468954537413,MRNA
614,2021-09-16,0.108911515967518,MRNA
615,2021-09-17,1.3537105965974807,MRNA
616,2021-09-18,0.2870406510816758,MRNA
617,2021-09-19,0.4030469840285315,MRNA
618,2021-09-20,2.860692025397565,MRNA
619,2021-09-21,0.9589901044314936,MRNA
620,2021-09-22,0.0931692307692307,MRNA
621,2021-09-23,1.5859880068160828,MRNA
622,2021-09-24,2.267403648817093,MRNA
623,2021-09-25,0.0020126509488211,MRNA
624,2021-09-26,-3.263404328213327,MRNA
625,2021-09-27,0.4330882352941176,MRNA
626,2021-09-28,0.1458419814584198,MRNA
627,2021-09-29,-0.5800375385440407,MRNA
628,2021-09-30,0.6571778847591424,MRNA
629,2021-10-01,1.9931543672269807,MRNA
630,2021-10-02,-0.7936084829666952,MRNA
631,2021-10-03,2.0560202295273293,MRNA
632,2021-10-04,0.4175671535083239,MRNA
633,2021-10-05,0.7686803782373242,MRNA
634,2021-10-06,-0.017319389925988,MRNA
635,2021-10-07,-0.5624287944639014,MRNA
636,2021-10-08,0.4786251500526716,MRNA
637,2021-10-09,-0.656365225175302,MRNA
638,2021-10-10,0.9423732800188168,MRNA
639,2021-10-11,0.6947937403926114,MRNA
640,2021-10-12,0.3124978837232926,MRNA
641,2021-10-13,1.817802245383973,MRNA
642,2021-10-14,1.601377109748929,MRNA
643,2021-10-15,-0.0379194971104126,MRNA
644,2021-10-16,0.7462562094347148,MRNA
645,2021-10-17,-1.1415336533095213,MRNA
646,2021-10-18,0.084210875992426,MRNA
647,2021-10-19,0.581734999120183,MRNA
648,2021-10-20,-0.144382168081384,MRNA
649,2021-10-21,3.5965635738831616,MRNA
650,2021-10-22,0.5304673597452468,MRNA
651,2021-10-23,-0.3248434933707838,MRNA
652,2021-10-24,-0.1553329571106094,MRNA
653,2021-10-25,0.599523697518523,MRNA
654,2021-10-26,0.3324847389888041,MRNA
655,2021-10-27,0.8751405351578811,MRNA
656,2021-10-28,0.3987367074438315,MRNA
657,2021-10-29,0.5420011952087719,MRNA
658,2021-10-30,0.1827609926451135,MRNA
659,2021-10-31,3.2960421108742004,MRNA
660,2021-11-01,3.3027238133386745,MRNA
661,2021-11-02,0.1613551337120687,MRNA
662,2021-11-03,4.108425907880205,MRNA
663,2021-11-04,-0.1290274853468389,MRNA
664,2021-11-05,0.1484743197220406,MRNA
665,2021-11-06,-0.1054031117397454,MRNA
666,2021-11-07,0.0003292000438933,MRNA
667,2021-11-08,-0.6951768152333124,MRNA
668,2021-11-09,-0.971693802957302,MRNA
669,2021-11-10,0.3675456713260898,MRNA
670,2021-11-11,-1.0594396661841097,MRNA
671,2021-11-12,0.0342853555960077,MRNA
672,2021-11-13,-1.0878634872664283,MRNA
673,2021-11-14,0.2954183363105296,MRNA
674,2021-11-15,-0.8564191566208545,MRNA
675,2021-11-16,-0.0715160201857326,MRNA
676,2021-11-17,-2.286086319615875,MRNA
677,2021-11-18,1.1220196353436185,MRNA
678,2021-11-19,-0.2654236774291345,MRNA
679,2021-11-20,-4.2650225430535365,MRNA
680,2021-11-21,-1.4209911953041623,MRNA
681,2021-11-22,-0.2784594680177326,MRNA
682,2021-11-23,-0.8675170442049704,MRNA
683,2021-11-24,0.1252264387570253,MRNA
684,2021-11-25,0.410650050420674,MRNA
685,2021-11-26,0.1395917692752665,MRNA
686,2021-11-27,0.0222540073982737,MRNA
687,2021-11-28,-0.5324791558716849,MRNA
688,2021-11-29,-0.1574860639493782,MRNA
689,2021-11-30,-0.3712276441273937,MRNA
690,2021-12-01,1.5622915545992468,MRNA
691,2021-12-02,0.411153209070312,MRNA
692,2021-12-03,-0.2918107571186814,MRNA
693,2021-12-04,0.0893950622099145,MRNA
694,2021-12-05,-3.15275451740855,MRNA
695,2021-12-06,0.5502602708475912,MRNA
696,2021-12-07,-1.7766087221713938,MRNA
697,2021-12-08,0.688653063220569,MRNA
698,2021-12-09,0.1183448225286007,MRNA
699,2021-12-10,-2.262465337728248,MRNA
700,2021-12-11,0.2839973608079987,MRNA
701,2021-12-12,0.0132662004021102,MRNA
702,2021-12-13,0.8119605938670736,MRNA
703,2021-12-14,0.0275718492942012,MRNA
704,2021-12-15,0.0069415942468639,MRNA
705,2021-12-16,0.2019088038096376,MRNA
706,2021-12-17,0.6497335376592484,MRNA
707,2021-12-18,-0.0445543366060926,MRNA
708,2021-12-19,0.2040509563714253,MRNA
709,2021-12-20,0.278753170252802,MRNA
710,2021-12-21,-1.3701043338683792,MRNA
711,2021-12-22,1.066824546952224,MRNA
712,2021-12-23,-1.3125129577624066,MRNA
713,2021-12-24,0.4560817449400668,MRNA
714,2021-12-25,-0.4569660944986959,MRNA
715,2021-12-26,0.3460619506783856,MRNA
716,2021-12-27,-1.7610428667779707,MRNA
717,2021-12-28,0.135038719220395,MRNA
718,2021-12-29,0.2953984364284733,MRNA
719,2021-12-30,0.7739572140275471,MRNA
720,2021-12-31,3.558400748813265,MRNA
721,2022-01-01,-0.8752797922822095,MRNA
722,2022-01-02,1.9650125954656323,MRNA
723,2022-01-03,0.6417666079980353,MRNA
724,2022-01-04,0.1867059891107078,MRNA
725,2022-01-05,0.2482535993285557,MRNA
726,2022-01-06,0.0063588032940685,MRNA
727,2022-01-07,0.6143380649509287,MRNA
728,2022-01-08,0.2255434782608695,MRNA
729,2022-01-09,-0.1574128190142216,MRNA
730,2022-01-10,-1.962218499906942,MRNA
731,2022-01-11,-0.2111952584787618,MRNA
732,2022-01-12,0.1438578710465912,MRNA
733,2022-01-13,0.4952199553129922,MRNA
734,2022-01-14,-0.0638478053435114,MRNA
735,2022-01-15,0.0711103582620479,MRNA
736,2022-01-16,-0.0640105604224168,MRNA
737,2022-01-17,0.6609918578830495,MRNA
738,2022-01-18,-0.0189709336017324,MRNA
739,2022-01-19,0.1981172878768604,MRNA
740,2022-01-20,-2.4512523599748275,MRNA
741,2022-01-21,-0.1570092047683718,MRNA
742,2022-01-22,-1.2321899736147757,MRNA
743,2022-01-23,-0.6123509630082544,MRNA
744,2022-01-24,-0.7815858120190967,MRNA
745,2022-01-25,-1.6101185349889608,MRNA
746,2022-01-26,0.0682347840225461,MRNA
747,2022-01-27,2.179538106235566,MRNA
748,2022-01-28,0.297281147296086,MRNA
749,2022-01-29,1.6469806584969733,MRNA
750,2022-01-30,2.0068589648524395,MRNA
751,2022-01-31,0.7941230030626603,MRNA
752,2022-02-01,0.7606727425350761,MRNA
753,2022-02-02,0.0485814609056889,MRNA
754,2022-02-03,-0.0062018819503849,MRNA
755,2022-02-04,0.2634728868179852,MRNA
756,2022-02-05,0.0726599001127759,MRNA
757,2022-02-06,0.5920602327173169,MRNA
758,2022-02-07,-0.2149245761580563,MRNA
759,2022-02-08,0.8044007575074398,MRNA
760,2022-02-09,0.2844809805828104,MRNA
761,2022-02-10,1.4560068166521074,MRNA
762,2022-02-11,1.2892588442452375,MRNA
763,2022-02-12,-0.0346878500865668,MRNA
764,2022-02-13,1.1067340067340068,MRNA
765,2022-02-14,-1.7527407588539756,MRNA
766,2022-02-15,0.0952173320615887,MRNA
767,2022-02-16,-0.434513385038779,MRNA
768,2022-02-17,0.2091472129585517,MRNA
769,2022-02-18,-0.1450709727829144,MRNA
770,2022-02-19,0.0178158574731401,MRNA
771,2022-02-20,-0.0560857190691444,MRNA
772,2022-02-21,-0.6371266685873428,MRNA
773,2022-02-22,0.1348576761549229,MRNA
774,2022-02-23,-0.3933584388907908,MRNA
775,2022-02-24,0.6953790510636273,MRNA
776,2022-02-25,-0.6253076428460566,MRNA
777,2022-02-26,0.0011792452830188,MRNA
778,2022-02-27,0.6136827905184042,MRNA
779,2022-02-28,0.0561567164179104,MRNA
780,2022-03-01,-0.0610385794047269,MRNA
781,2022-03-02,0.4312612612612613,MRNA
782,2022-03-03,-0.0861875979404521,MRNA
783,2022-03-04,0.4132007233273056,MRNA
784,2022-03-05,-0.0038018562003801,MRNA
785,2022-03-06,-0.0327565466827056,MRNA
786,2022-03-07,1.5699327775397895,MRNA
787,2022-03-08,0.6302838081697381,MRNA
788,2022-03-09,-0.5937590501013612,MRNA
789,2022-03-10,0.2051374384827751,MRNA
790,2022-03-11,-0.1967634355694057,MRNA
791,2022-03-12,-0.9204205565122814,MRNA
792,2022-03-13,0.7799956956849241,MRNA
793,2022-03-14,-0.6097056796928834,MRNA
794,2022-03-15,-0.1219103811194386,MRNA
795,2022-03-16,0.0213164675568048,MRNA
796,2022-03-17,-2.5980801880632103,MRNA
797,2022-03-18,-2.41191241999081,MRNA
798,2022-03-19,1.6147198313718605,MRNA
799,2022-03-20,-0.4749775381850853,MRNA
800,2022-03-21,1.1894478172882337,MRNA
801,2022-03-22,0.3459819614853336,MRNA
802,2022-03-23,0.0135287735535726,MRNA
803,2022-03-24,0.0917890520694259,MRNA
804,2022-03-25,-0.7199297629499561,MRNA
805,2022-03-26,0.1210837185413457,MRNA
806,2022-03-27,0.624335812964931,MRNA
807,2022-03-28,-1.4337091390061096,MRNA
808,2022-03-29,0.3450679490989651,MRNA
809,2022-03-30,1.382306477093207,MRNA
810,2022-03-31,2.063482924759856,MRNA
811,2022-04-01,-0.3657979836408598,MRNA
812,2022-04-02,0.3384715236086321,MRNA
813,2022-04-03,0.6320994253641588,MRNA
814,2022-04-04,0.7912289915966386,MRNA
815,2022-04-05,0.0002463661000246,MRNA
816,2022-04-06,0.9891243106107191,MRNA
817,2022-04-07,-1.3874906553700477,MRNA
818,2022-04-08,0.2939240506329114,MRNA
819,2022-04-09,-0.1097538157226484,MRNA
820,2022-04-10,0.0,MRNA
821,2022-04-11,0.3299420879636875,MRNA
822,2022-04-12,0.8911146370487902,MRNA
823,2022-04-13,-2.037253858435338,MRNA
824,2022-04-14,0.8305997552019584,MRNA
825,2022-04-15,-0.5015839493136219,MRNA
826,2022-04-16,-0.1513036937990974,MRNA
827,2022-04-17,0.5889328063241107,MRNA
828,2022-04-18,0.1478960149687487,MRNA
829,2022-04-19,1.1625807398708163,MRNA
830,2022-04-20,0.0480360396841465,MRNA
831,2022-04-21,1.0179880731254276,MRNA
832,2022-04-22,-0.3040507494461866,MRNA
833,2022-04-23,-0.5543767891989342,MRNA
834,2022-04-24,0.2041033273094504,MRNA
835,2022-04-25,0.1867682027511061,MRNA
836,2022-04-26,0.1954963877883943,MRNA
837,2022-04-27,0.2743571879558468,MRNA
838,2022-04-28,0.0545918910290518,MRNA
839,2022-04-29,0.059866317930834,MRNA
0,2020-01-01,3.0,PFE
1,2020-01-02,2.0,PFE
2,2020-01-03,0.0,PFE
3,2020-01-06,-1.0,PFE
4,2020-01-07,0.0,PFE
5,2020-01-09,0.0,PFE
6,2020-01-10,1.3255813953488371,PFE
7,2020-01-13,1.359375,PFE
8,2020-01-14,0.366504854368932,PFE
9,2020-01-15,-1.383050847457627,PFE
10,2020-01-16,3.05,PFE
11,2020-01-17,1.7297297297297298,PFE
12,2020-01-19,0.0,PFE
13,2020-01-20,4.0,PFE
14,2020-01-21,1.9225806451612903,PFE
15,2020-01-22,0.8490691489361702,PFE
16,2020-01-23,1.453731343283582,PFE
17,2020-01-24,2.0083333333333333,PFE
18,2020-01-27,3.0,PFE
19,2020-01-28,1.656716417910448,PFE
20,2020-01-29,0.5945945945945946,PFE
21,2020-01-30,1.0852713178294575,PFE
22,2020-01-31,-1.9859991514637247,PFE
23,2020-02-01,0.4016949152542373,PFE
24,2020-02-02,0.336283185840708,PFE
25,2020-02-03,2.659090909090909,PFE
26,2020-02-04,2.310344827586207,PFE
27,2020-02-05,0.9294117647058824,PFE
28,2020-02-06,-0.5666666666666667,PFE
29,2020-02-07,11.0,PFE
30,2020-02-10,3.0,PFE
31,2020-02-11,3.0,PFE
32,2020-02-12,2.6590909090909087,PFE
33,2020-02-13,9.0,PFE
34,2020-02-14,3.0,PFE
35,2020-02-17,3.906976744186047,PFE
36,2020-02-18,1.5135135135135136,PFE
37,2020-02-19,0.0,PFE
38,2020-02-20,1.2857142857142856,PFE
39,2020-02-21,4.861111111111112,PFE
40,2020-02-24,-0.492063492063492,PFE
41,2020-02-26,4.0,PFE
42,2020-02-27,0.0,PFE
43,2020-02-28,2.287128712871287,PFE
44,2020-02-29,0.7954545454545454,PFE
45,2020-03-01,1.875,PFE
46,2020-03-02,2.0,PFE
47,2020-03-03,0.0,PFE
48,2020-03-04,0.0114942528735632,PFE
49,2020-03-05,0.0885191347753743,PFE
50,2020-03-06,3.218274111675127,PFE
51,2020-03-08,2.6456692913385824,PFE
52,2020-03-09,3.578947368421052,PFE
53,2020-03-10,2.5416666666666665,PFE
54,2020-03-11,0.0,PFE
55,2020-03-12,0.0178571428571428,PFE
56,2020-03-13,2.7850467289719623,PFE
57,2020-03-14,-2.560344827586207,PFE
58,2020-03-15,2.923076923076923,PFE
59,2020-03-16,0.2408163265306122,PFE
60,2020-03-17,-1.3640167364016735,PFE
61,2020-03-18,2.056338028169014,PFE
62,2020-03-19,0.0,PFE
63,2020-03-20,-1.0551795939614783,PFE
64,2020-03-22,0.0,PFE
65,2020-03-23,-0.2777777777777778,PFE
66,2020-03-24,-0.4759036144578313,PFE
67,2020-03-25,4.0,PFE
68,2020-03-27,1.6578073089700998,PFE
69,2020-03-30,2.0,PFE
70,2020-03-31,2.7404761904761905,PFE
71,2020-04-01,0.1645962732919255,PFE
72,2020-04-02,2.06633243347474,PFE
73,2020-04-03,0.0,PFE
74,2020-04-04,0.0,PFE
75,2020-04-06,2.0,PFE
76,2020-04-07,0.0384615384615384,PFE
77,2020-04-08,0.7843137254901961,PFE
78,2020-04-09,0.4947368421052632,PFE
79,2020-04-10,-0.0614934114202049,PFE
80,2020-04-14,0.9482758620689656,PFE
81,2020-04-15,5.0,PFE
82,2020-04-17,3.019607843137255,PFE
83,2020-04-20,4.0,PFE
84,2020-04-21,2.493723849372385,PFE
85,2020-04-22,1.5803571428571428,PFE
86,2020-04-23,2.2992700729927007,PFE
87,2020-04-24,0.2925170068027211,PFE
88,2020-04-25,4.0,PFE
89,2020-04-27,2.300751879699248,PFE
90,2020-04-28,0.2976190476190476,PFE
91,2020-04-29,2.1525423728813564,PFE
92,2020-04-30,0.0476606908613904,PFE
93,2020-05-01,2.0213660245183886,PFE
94,2020-05-02,4.0,PFE
95,2020-05-03,0.0,PFE
96,2020-05-04,-0.1402234636871508,PFE
97,2020-05-05,1.621786339754816,PFE
98,2020-05-06,1.659362549800797,PFE
99,2020-05-07,1.6684782608695654,PFE
100,2020-05-08,0.1145268233875828,PFE
101,2020-05-11,1.8823529411764703,PFE
102,2020-05-12,1.145631067961165,PFE
103,2020-05-13,2.821782178217822,PFE
104,2020-05-14,4.0,PFE
105,2020-05-15,-1.0,PFE
106,2020-05-16,0.0,PFE
107,2020-05-18,2.1695501730103803,PFE
108,2020-05-19,3.848563968668407,PFE
109,2020-05-20,-0.512280701754386,PFE
110,2020-05-21,1.033804022250749,PFE
111,2020-05-22,-0.8586278586278586,PFE
112,2020-05-25,3.0,PFE
113,2020-05-26,-0.758082497212932,PFE
114,2020-05-27,1.6669421487603304,PFE
115,2020-05-28,3.672,PFE
116,2020-05-29,0.9612403100775194,PFE
117,2020-05-30,2.0,PFE
118,2020-05-31,-0.3382352941176472,PFE
119,2020-06-01,0.0573248407643312,PFE
120,2020-06-02,5.0,PFE
121,2020-06-04,1.0,PFE
122,2020-06-06,-4.0,PFE
123,2020-06-07,-0.8198198198198199,PFE
124,2020-06-08,5.1645569620253164,PFE
125,2020-06-09,0.0,PFE
126,2020-06-10,-0.1546391752577319,PFE
127,2020-06-11,-2.0,PFE
128,2020-06-12,1.9693053311793212,PFE
129,2020-06-15,1.8801261829652995,PFE
130,2020-06-16,-0.2066115702479338,PFE
131,2020-06-17,-0.2183908045977011,PFE
132,2020-06-18,0.0,PFE
133,2020-06-19,1.5964912280701753,PFE
134,2020-06-20,2.0,PFE
135,2020-06-21,3.0,PFE
136,2020-06-22,-0.0794701986754967,PFE
137,2020-06-23,1.7280000000000002,PFE
138,2020-06-24,0.1584905660377358,PFE
139,2020-06-25,-0.4383561643835616,PFE
140,2020-06-26,0.0,PFE
141,2020-06-27,1.0,PFE
142,2020-06-28,0.3538461538461538,PFE
143,2020-06-29,-0.5438544152744631,PFE
144,2020-06-30,-0.9863013698630136,PFE
145,2020-07-01,1.7466480933310118,PFE
146,2020-07-02,3.0,PFE
147,2020-07-03,2.0,PFE
148,2020-07-04,6.0,PFE
149,2020-07-05,0.0,PFE
150,2020-07-06,1.8879310344827585,PFE
151,2020-07-07,0.0,PFE
152,2020-07-08,-0.8181818181818182,PFE
153,2020-07-09,4.153846153846153,PFE
154,2020-07-10,2.0,PFE
155,2020-07-13,0.0,PFE
156,2020-07-14,2.424050632911392,PFE
157,2020-07-15,3.8211243611584327,PFE
158,2020-07-16,1.380952380952381,PFE
159,2020-07-17,1.4161490683229814,PFE
160,2020-07-18,0.0,PFE
161,2020-07-20,1.1379604781654062,PFE
162,2020-07-21,2.0753424657534247,PFE
163,2020-07-22,2.13819032290514,PFE
164,2020-07-23,0.9629629629629628,PFE
165,2020-07-25,0.0,PFE
166,2020-07-26,0.0,PFE
167,2020-07-27,3.201474201474201,PFE
168,2020-07-28,2.0,PFE
169,2020-07-29,-1.951141795007966,PFE
170,2020-07-30,1.7586206896551726,PFE
171,2020-07-31,0.755813953488372,PFE
172,2020-08-01,0.0,PFE
173,2020-08-03,1.763358778625954,PFE
174,2020-08-04,10.356701030927834,PFE
175,2020-08-05,0.7758775877587759,PFE
176,2020-08-06,1.900473933649289,PFE
177,2020-08-07,0.9216867469879518,PFE
178,2020-08-10,0.6102941176470588,PFE
179,2020-08-11,1.7592592592592593,PFE
180,2020-08-12,1.2448979591836733,PFE
181,2020-08-13,5.475409836065574,PFE
182,2020-08-17,0.0,PFE
183,2020-08-19,-0.3642126494741391,PFE
184,2020-08-20,0.0401041666666666,PFE
185,2020-08-24,0.1112823674475955,PFE
186,2020-08-25,6.0,PFE
187,2020-08-26,2.270833333333333,PFE
188,2020-08-27,-1.0,PFE
189,2020-08-28,0.0,PFE
190,2020-08-29,-0.3198594024604569,PFE
191,2020-08-30,5.0,PFE
192,2020-08-31,4.488543371522095,PFE
193,2020-09-01,0.7875000000000001,PFE
194,2020-09-02,1.0,PFE
195,2020-09-03,0.9177820267686424,PFE
196,2020-09-04,1.713991769547325,PFE
197,2020-09-05,2.0088949709202875,PFE
198,2020-09-06,0.0,PFE
199,2020-09-07,1.0209978809477942,PFE
200,2020-09-08,1.6770293609671847,PFE
201,2020-09-09,3.034908700322234,PFE
202,2020-09-10,-2.8994708994708995,PFE
203,2020-09-11,-0.5100083402835697,PFE
204,2020-09-12,2.0,PFE
205,2020-09-13,2.9219790675547097,PFE
206,2020-09-14,2.2532778171509564,PFE
207,2020-09-15,5.926391382405744,PFE
208,2020-09-16,1.9724409448818896,PFE
209,2020-09-17,1.108108108108108,PFE
210,2020-09-18,1.79467680608365,PFE
211,2020-09-19,1.48,PFE
212,2020-09-20,1.0,PFE
213,2020-09-21,0.2012383900928792,PFE
214,2020-09-22,0.7701612903225805,PFE
215,2020-09-23,1.891304347826087,PFE
216,2020-09-24,1.2964125560538118,PFE
217,2020-09-25,0.2886762360446571,PFE
218,2020-09-26,2.680025649246553,PFE
219,2020-09-28,2.56877964639931,PFE
220,2020-09-29,1.6837606837606838,PFE
221,2020-09-30,0.9917780061664954,PFE
222,2020-10-01,4.507374631268437,PFE
223,2020-10-02,3.0,PFE
224,2020-10-05,2.642201834862385,PFE
225,2020-10-06,-1.5135882081989864,PFE
226,2020-10-07,-3.6758893280632408,PFE
227,2020-10-08,-1.0895127118644068,PFE
228,2020-10-09,-3.7131630648330063,PFE
229,2020-10-11,-4.014112903225806,PFE
230,2020-10-12,0.2543478260869568,PFE
231,2020-10-13,1.2105263157894737,PFE
232,2020-10-14,0.5909090909090908,PFE
233,2020-10-15,0.3268101761252446,PFE
234,2020-10-16,0.3746573256168139,PFE
235,2020-10-17,0.0,PFE
236,2020-10-18,0.0,PFE
237,2020-10-19,-0.2180428134556575,PFE
238,2020-10-20,1.7571942446043165,PFE
239,2020-10-21,1.9210526315789476,PFE
240,2020-10-22,1.238095238095238,PFE
241,2020-10-23,0.0331883726253147,PFE
242,2020-10-24,3.0,PFE
243,2020-10-25,1.0,PFE
244,2020-10-26,2.727029438001784,PFE
245,2020-10-27,5.904761904761904,PFE
246,2020-10-28,-0.2087378640776699,PFE
247,2020-10-29,0.3496897913141568,PFE
248,2020-10-30,2.809267026163371,PFE
249,2020-10-31,0.3237410071942446,PFE
250,2020-11-01,2.0,PFE
251,2020-11-03,3.0,PFE
252,2020-11-04,0.0,PFE
253,2020-11-05,-2.0,PFE
254,2020-11-08,3.0,PFE
255,2020-11-09,1.566246782048916,PFE
256,2020-11-10,1.0470316370467656,PFE
257,2020-11-11,0.4792322343843243,PFE
258,2020-11-12,1.1210991292557362,PFE
259,2020-11-13,1.282100814971325,PFE
260,2020-11-14,0.0867701685874846,PFE
261,2020-11-15,-0.2735131757108634,PFE
262,2020-11-16,4.40518237798174,PFE
263,2020-11-17,3.7865278950355,PFE
264,2020-11-18,3.3323130440713804,PFE
265,2020-11-19,3.918340230059603,PFE
266,2020-11-20,-0.433845215092037,PFE
267,2020-11-21,0.4220641575203731,PFE
268,2020-11-22,0.9276884647409211,PFE
269,2020-11-23,5.96832643630868,PFE
270,2020-11-24,1.5372979578234065,PFE
271,2020-11-25,0.048777130271188,PFE
272,2020-11-26,1.0,PFE
273,2020-11-27,0.5358893052752954,PFE
274,2020-11-28,-1.67936337023453,PFE
275,2020-11-29,5.987004463113679,PFE
276,2020-11-30,2.67947117150202,PFE
277,2020-12-01,0.4364484904355842,PFE
278,2020-12-02,1.2083993743755526,PFE
279,2020-12-03,-0.4421547181067913,PFE
280,2020-12-04,0.8001684089462119,PFE
281,2020-12-05,-0.345901219824277,PFE
282,2020-12-06,-1.314757726661924,PFE
283,2020-12-07,1.83195901946466,PFE
284,2020-12-08,0.5850258897736547,PFE
285,2020-12-09,1.1695564253467994,PFE
286,2020-12-10,-0.2739155215971409,PFE
287,2020-12-11,-0.3378483280254777,PFE
288,2020-12-12,0.5417461062388174,PFE
289,2020-12-13,0.9200133985141552,PFE
290,2020-12-14,0.1960345209837219,PFE
291,2020-12-15,1.2827923688681089,PFE
292,2020-12-16,0.440203646461808,PFE
293,2020-12-17,6.471528547936823,PFE
294,2020-12-18,-0.0018575959293207,PFE
295,2020-12-19,0.1060888474681577,PFE
296,2020-12-20,0.0256134279758579,PFE
297,2020-12-21,0.6915784906038251,PFE
298,2020-12-22,0.7291831183644819,PFE
299,2020-12-23,0.1756127489538432,PFE
300,2020-12-24,1.7702652475080252,PFE
301,2020-12-25,3.797149929751789,PFE
302,2020-12-26,-0.0140356552368629,PFE
303,2020-12-27,0.1745783927105345,PFE
304,2020-12-28,1.2651003844510893,PFE
305,2020-12-29,0.762489062127118,PFE
306,2020-12-30,2.1298591022264435,PFE
307,2020-12-31,1.2910633528392133,PFE
308,2021-01-01,2.0016748718469266,PFE
309,2021-01-02,-0.8422338346503526,PFE
310,2021-01-03,3.356384547331171,PFE
311,2021-01-04,-1.683930983666953,PFE
312,2021-01-05,-0.1211039246100266,PFE
313,2021-01-06,1.0865840538709806,PFE
314,2021-01-07,0.2153461122803024,PFE
315,2021-01-08,0.1323955474229948,PFE
316,2021-01-09,0.1646169536264923,PFE
317,2021-01-10,2.429053240183088,PFE
318,2021-01-11,0.6719444181869743,PFE
319,2021-01-12,5.368525376871316,PFE
320,2021-01-13,-0.1462642851539005,PFE
321,2021-01-14,2.3277868995312745,PFE
322,2021-01-15,0.5023107420179699,PFE
323,2021-01-16,-0.7196199630080464,PFE
324,2021-01-17,-6.368991526212869,PFE
325,2021-01-18,-0.2710086787802512,PFE
326,2021-01-19,-5.237615587846763,PFE
327,2021-01-20,1.6289336316181953,PFE
328,2021-01-21,-0.6763302103588476,PFE
329,2021-01-22,-0.5316704552435952,PFE
330,2021-01-23,0.0133888460029612,PFE
331,2021-01-24,0.6610608734009704,PFE
332,2021-01-25,1.0742076784333934,PFE
333,2021-01-26,-0.5365478268859689,PFE
334,2021-01-27,1.0686797909020131,PFE
335,2021-01-28,1.2551150895140666,PFE
336,2021-01-29,4.224129239637758,PFE
337,2021-01-30,2.360327768818376,PFE
338,2021-01-31,0.7482287976661806,PFE
339,2021-02-01,1.2674395626111588,PFE
340,2021-02-02,-0.6294980576569209,PFE
341,2021-02-03,-0.9306010928961748,PFE
342,2021-02-04,0.976288030686078,PFE
343,2021-02-05,-0.7449233693136131,PFE
344,2021-02-06,-0.0702518824293851,PFE
345,2021-02-07,1.5987571085184968,PFE
346,2021-02-08,2.9793821541856293,PFE
347,2021-02-09,-0.5545341480560212,PFE
348,2021-02-10,2.1594267008758736,PFE
349,2021-02-11,0.3316538057170062,PFE
350,2021-02-12,1.210866568427057,PFE
351,2021-02-13,-3.2849890909090917,PFE
352,2021-02-14,-1.1286004508390617,PFE
353,2021-02-15,-0.8250414065486049,PFE
354,2021-02-16,-0.045221196734648,PFE
355,2021-02-17,1.7730759557344065,PFE
356,2021-02-18,1.8105193983351997,PFE
357,2021-02-19,2.142026772478516,PFE
358,2021-02-20,3.247748379183459,PFE
359,2021-02-21,1.2574679018365025,PFE
360,2021-02-22,3.9604063270712175,PFE
361,2021-02-23,0.0523368482345127,PFE
362,2021-02-24,2.8504303326354967,PFE
363,2021-02-25,0.7521319796954314,PFE
364,2021-02-26,-1.2570156486863937,PFE
365,2021-02-27,2.122352136459825,PFE
366,2021-02-28,3.115383252418583,PFE
367,2021-03-01,-0.2697112924105128,PFE
368,2021-03-02,-0.2890806653550348,PFE
369,2021-03-03,-0.0241053741864114,PFE
370,2021-03-04,-2.026931780679836,PFE
371,2021-03-05,0.9208533671148476,PFE
372,2021-03-06,0.713229859571323,PFE
373,2021-03-07,1.854340591978516,PFE
374,2021-03-08,-0.2473000792158868,PFE
375,2021-03-09,2.3317197102344904,PFE
376,2021-03-10,3.000521425862723,PFE
377,2021-03-11,0.3965009310469414,PFE
378,2021-03-12,1.2835074705336913,PFE
379,2021-03-13,-0.2582033232561732,PFE
380,2021-03-14,-1.10620892042371,PFE
381,2021-03-15,2.4694684640856237,PFE
382,2021-03-16,0.139262054679328,PFE
383,2021-03-17,0.4416149068322982,PFE
384,2021-03-18,2.484749609873741,PFE
385,2021-03-19,0.0179124257656778,PFE
386,2021-03-20,1.072788691992678,PFE
387,2021-03-21,0.2420529142629799,PFE
388,2021-03-22,1.3599020054694622,PFE
389,2021-03-23,0.971340206185567,PFE
390,2021-03-24,4.545692625775327,PFE
391,2021-03-25,0.2398905302536662,PFE
392,2021-03-26,1.9298669891172917,PFE
393,2021-03-27,0.1018488737065092,PFE
394,2021-03-28,2.1554574818510344,PFE
395,2021-03-29,0.5855452131597391,PFE
396,2021-03-30,0.1814183403394053,PFE
397,2021-03-31,1.550842559647443,PFE
398,2021-04-01,-0.1433700350190869,PFE
399,2021-04-02,0.4017365254258803,PFE
400,2021-04-03,0.653394276885441,PFE
401,2021-04-04,1.0409235918623505,PFE
402,2021-04-05,1.700646858308506,PFE
403,2021-04-06,0.7346036187720837,PFE
404,2021-04-07,1.011723285864244,PFE
405,2021-04-08,0.2581015673919245,PFE
406,2021-04-09,-0.3359735366558127,PFE
407,2021-04-10,3.665579759628517,PFE
408,2021-04-11,0.5187160270136716,PFE
409,2021-04-12,0.6852657643580067,PFE
410,2021-04-13,1.2201082135887884,PFE
411,2021-04-14,1.862064514046893,PFE
412,2021-04-15,-0.6069003362451985,PFE
413,2021-04-16,0.2892711315530107,PFE
414,2021-04-17,1.0903507126781695,PFE
415,2021-04-18,0.5810974454921631,PFE
416,2021-04-19,1.4038702056698165,PFE
417,2021-04-20,1.6309188780810275,PFE
418,2021-04-21,0.6765555418291771,PFE
419,2021-04-22,0.7737315988620985,PFE
420,2021-04-23,1.9652917839491124,PFE
421,2021-04-24,-0.2714062325477493,PFE
422,2021-04-25,-1.550981490530732,PFE
423,2021-04-26,0.4210830975045022,PFE
424,2021-04-27,0.2471367447488978,PFE
425,2021-04-28,2.3025831508117505,PFE
426,2021-04-29,0.7982251492995479,PFE
427,2021-04-30,0.2612881921512739,PFE
428,2021-05-01,0.2201211312533227,PFE
429,2021-05-02,0.0502435665280929,PFE
430,2021-05-03,-0.1683141478576721,PFE
431,2021-05-04,0.5236716675730143,PFE
432,2021-05-05,0.4657657444441815,PFE
433,2021-05-06,-1.0166769120942314,PFE
434,2021-05-07,0.6745066827675165,PFE
435,2021-05-08,0.9235854858548586,PFE
436,2021-05-09,-0.3530588706070663,PFE
437,2021-05-10,-0.2690717026259405,PFE
438,2021-05-11,1.3643642677985723,PFE
439,2021-05-12,1.2433708812722124,PFE
440,2021-05-13,0.8084649420275813,PFE
441,2021-05-14,0.6356566253199448,PFE
442,2021-05-15,-0.3383365753640712,PFE
443,2021-05-16,-5.709641224925426,PFE
444,2021-05-17,1.2342421056942756,PFE
445,2021-05-18,-1.6372128618457016,PFE
446,2021-05-19,1.0930047476604736,PFE
447,2021-05-20,0.3981332023299881,PFE
448,2021-05-21,0.1901718818862935,PFE
449,2021-05-22,0.2942050132888634,PFE
450,2021-05-23,0.169767190817171,PFE
451,2021-05-24,-0.8518255257694738,PFE
452,2021-05-25,-0.9327175008397716,PFE
453,2021-05-26,0.2750229133086817,PFE
454,2021-05-27,1.007757506105445,PFE
455,2021-05-28,-0.5389722278532332,PFE
456,2021-05-29,0.4641798821192484,PFE
457,2021-05-30,2.896868603283829,PFE
458,2021-05-31,1.44439564300773,PFE
459,2021-06-01,1.126273178375555,PFE
460,2021-06-02,-0.5049204911118748,PFE
461,2021-06-03,0.5234085290482077,PFE
462,2021-06-04,0.4455532064834391,PFE
463,2021-06-05,1.2168020948627272,PFE
464,2021-06-06,0.3387858162257108,PFE
465,2021-06-07,-0.2134592884690387,PFE
466,2021-06-08,0.5002719164672612,PFE
467,2021-06-09,1.9433226570115585,PFE
468,2021-06-10,3.636064526114504,PFE
469,2021-06-11,-0.0846106408028255,PFE
470,2021-06-12,1.70136577527832,PFE
471,2021-06-13,1.6681244914564686,PFE
472,2021-06-14,2.1641983194928995,PFE
473,2021-06-15,2.445679912504557,PFE
474,2021-06-16,0.8170082073883846,PFE
475,2021-06-17,-0.7857142857142857,PFE
476,2021-06-18,1.286331844230856,PFE
477,2021-06-19,0.8753253430159699,PFE
478,2021-06-20,-0.3163505271862725,PFE
479,2021-06-21,0.446414821382738,PFE
480,2021-06-22,1.9994942744644728,PFE
481,2021-06-23,0.2745022744727359,PFE
482,2021-06-24,0.7113368283093053,PFE
483,2021-06-25,1.1131244622159235,PFE
484,2021-06-26,-1.3799293595018751,PFE
485,2021-06-27,1.2188339087073263,PFE
486,2021-06-28,1.3056037394781528,PFE
487,2021-06-29,0.0095764272559852,PFE
488,2021-06-30,0.3683181301888781,PFE
489,2021-07-01,-1.058885754583921,PFE
490,2021-07-02,1.4879307215639503,PFE
491,2021-07-03,2.0303776960205218,PFE
492,2021-07-04,0.4354659726005286,PFE
493,2021-07-05,0.3329643950610185,PFE
494,2021-07-06,1.485803161519199,PFE
495,2021-07-07,0.6369625155220676,PFE
496,2021-07-08,0.632870431310605,PFE
497,2021-07-09,-0.0938928663848874,PFE
498,2021-07-10,-0.3205589307411908,PFE
499,2021-07-11,0.7611488330330577,PFE
500,2021-07-12,-0.229161044345045,PFE
501,2021-07-13,1.8215957082524827,PFE
502,2021-07-14,-0.1876999455749805,PFE
503,2021-07-15,-0.1942265611849856,PFE
504,2021-07-16,1.251303621330414,PFE
505,2021-07-17,2.391071205886021,PFE
506,2021-07-18,0.8015942867201449,PFE
507,2021-07-19,2.075656538713354,PFE
508,2021-07-20,1.2685663781845986,PFE
509,2021-07-21,0.506429111690058,PFE
510,2021-07-22,-1.3702183743008378,PFE
511,2021-07-23,-0.8174495224277597,PFE
512,2021-07-24,-0.2827192409306555,PFE
513,2021-07-25,-0.2148782465720811,PFE
514,2021-07-26,0.4992486224745366,PFE
515,2021-07-27,-0.1905755078509174,PFE
516,2021-07-28,0.794987746797984,PFE
517,2021-07-29,1.1039058388223473,PFE
518,2021-07-30,0.9186881857993404,PFE
519,2021-07-31,0.12151827022944,PFE
520,2021-08-01,-0.031286983840079,PFE
521,2021-08-02,0.3993063116309453,PFE
522,2021-08-03,3.332857588135899,PFE
523,2021-08-04,0.0795945308816596,PFE
524,2021-08-05,-0.4852618135376755,PFE
525,2021-08-06,0.5077404209212989,PFE
526,2021-08-07,1.3019553251408091,PFE
527,2021-08-08,-1.4401403451842538,PFE
528,2021-08-09,0.9255815809425002,PFE
529,2021-08-10,1.1191954269042013,PFE
530,2021-08-11,-0.4142987784963093,PFE
531,2021-08-12,0.3367514489838083,PFE
532,2021-08-13,0.2213173310472924,PFE
533,2021-08-14,-0.7846953015971468,PFE
534,2021-08-15,2.617655116725065,PFE
535,2021-08-16,2.034290654115839,PFE
536,2021-08-17,0.6537110232762406,PFE
537,2021-08-18,0.5579988824244815,PFE
538,2021-08-19,0.3064462390328261,PFE
539,2021-08-20,0.933648938165806,PFE
540,2021-08-21,0.3106028952736746,PFE
541,2021-08-22,1.2709786887471155,PFE
542,2021-08-23,2.592748744824844,PFE
543,2021-08-24,1.6891501768473378,PFE
544,2021-08-25,4.487267009796676,PFE
545,2021-08-26,1.005117866004963,PFE
546,2021-08-27,0.7849473466859385,PFE
547,2021-08-28,-0.9326413072595768,PFE
548,2021-08-29,-0.0329890635585604,PFE
549,2021-08-30,0.273865800380867,PFE
550,2021-08-31,0.6783021210418327,PFE
551,2021-09-01,-0.1532317393589069,PFE
552,2021-09-02,-0.3235516387438815,PFE
553,2021-09-03,-0.4376084621105693,PFE
554,2021-09-04,2.221744834844793,PFE
555,2021-09-05,-0.2705171651687048,PFE
556,2021-09-06,-0.06817567401509,PFE
557,2021-09-07,-0.5721986907970735,PFE
558,2021-09-08,-0.9169924237601068,PFE
559,2021-09-09,-0.1906480505795574,PFE
560,2021-09-10,-0.3949819658927759,PFE
561,2021-09-11,-0.3731021137243228,PFE
562,2021-09-12,0.6787770446121087,PFE
563,2021-09-13,-0.5893246021472627,PFE
564,2021-09-14,1.063101218770416,PFE
565,2021-09-15,0.7927326122474304,PFE
566,2021-09-16,0.4589390220879743,PFE
567,2021-09-17,2.032077859366934,PFE
568,2021-09-18,0.4722758265791844,PFE
569,2021-09-19,-0.9250702466437716,PFE
570,2021-09-20,2.557483081140756,PFE
571,2021-09-21,1.3476557816059795,PFE
572,2021-09-22,0.3622444817114626,PFE
573,2021-09-23,0.1011726247600768,PFE
574,2021-09-24,0.2206185384663005,PFE
575,2021-09-25,-0.2630195417121317,PFE
576,2021-09-26,0.452651304315559,PFE
577,2021-09-27,0.2044642411953396,PFE
578,2021-09-28,0.7497043964312587,PFE
579,2021-09-29,1.3968161443991074,PFE
580,2021-09-30,0.6319006024964687,PFE
581,2021-10-01,-1.380952380952381,PFE
582,2021-10-02,-2.265327398853202,PFE
583,2021-10-03,3.3251485767907414,PFE
584,2021-10-04,0.2605276509386098,PFE
585,2021-10-05,0.2575015697194777,PFE
586,2021-10-06,1.6924872734347136,PFE
587,2021-10-07,-0.3230135231070247,PFE
588,2021-10-08,-1.271241149521033,PFE
589,2021-10-09,1.5633193748802583,PFE
590,2021-10-10,0.7241328500279963,PFE
591,2021-10-11,1.3436671314141997,PFE
592,2021-10-12,0.1516536828847319,PFE
593,2021-10-13,1.959882151386149,PFE
594,2021-10-14,0.2085399362031393,PFE
595,2021-10-15,-0.3515138772077376,PFE
596,2021-10-16,1.976310568211699,PFE
597,2021-10-17,-0.4754662986083851,PFE
598,2021-10-18,0.8100187671430633,PFE
599,2021-10-19,-0.1855259122968414,PFE
600,2021-10-20,-0.586213856789625,PFE
601,2021-10-21,2.415495503390257,PFE
602,2021-10-22,1.0843691148775894,PFE
603,2021-10-23,-0.694717773477706,PFE
604,2021-10-24,-0.1241662239537217,PFE
605,2021-10-25,-0.4147205035585279,PFE
606,2021-10-26,1.7985166608482537,PFE
607,2021-10-27,0.6392423402018329,PFE
608,2021-10-28,3.501369174726793,PFE
609,2021-10-29,-0.2510673343620133,PFE
610,2021-10-30,1.1941576264540583,PFE
611,2021-10-31,1.0784508440913605,PFE
612,2021-11-01,-0.3666058665872543,PFE
613,2021-11-02,0.2128180794950453,PFE
614,2021-11-03,0.759106945285264,PFE
615,2021-11-04,-1.619859289344608,PFE
616,2021-11-05,1.6437976402854362,PFE
617,2021-11-06,-1.0139133268165526,PFE
618,2021-11-07,-0.7618117229129663,PFE
619,2021-11-08,-0.971692869620454,PFE
620,2021-11-09,-0.723220022110448,PFE
621,2021-11-10,-1.3031894022906896,PFE
622,2021-11-11,-0.734032612250619,PFE
623,2021-11-12,1.7017336252292763,PFE
624,2021-11-13,-1.409382518043304,PFE
625,2021-11-14,2.142593530646212,PFE
626,2021-11-15,0.5685325676662417,PFE
627,2021-11-16,0.47229686396441,PFE
628,2021-11-17,-0.2968936131219646,PFE
629,2021-11-18,0.4864089472404571,PFE
630,2021-11-19,-0.0087442454909427,PFE
631,2021-11-20,0.9119008194285227,PFE
632,2021-11-21,0.0620509199651119,PFE
633,2021-11-22,-0.0373910235711979,PFE
634,2021-11-23,3.022340205474729,PFE
635,2021-11-24,-1.1668720184500678,PFE
636,2021-11-25,0.5923957049815174,PFE
637,2021-11-26,0.5011371916885641,PFE
638,2021-11-27,0.8745529369767427,PFE
639,2021-11-28,-1.0708174904942964,PFE
640,2021-11-29,1.5726188057015125,PFE
641,2021-11-30,-0.801557276086574,PFE
642,2021-12-01,1.3394301018764936,PFE
643,2021-12-02,0.8746542759154774,PFE
644,2021-12-03,-0.8327218104361102,PFE
645,2021-12-04,-0.5972195368963771,PFE
646,2021-12-05,-2.699177249969471,PFE
647,2021-12-06,-0.6229227439540793,PFE
648,2021-12-07,-0.8999271187617132,PFE
649,2021-12-08,1.1731073216996928,PFE
650,2021-12-09,1.1866536282119562,PFE
651,2021-12-10,-0.4135861266806753,PFE
652,2021-12-11,0.3828364410741183,PFE
653,2021-12-12,1.0228454262848072,PFE
654,2021-12-13,-0.0915593054592178,PFE
655,2021-12-14,0.1104932991160535,PFE
656,2021-12-15,2.103168974408262,PFE
657,2021-12-16,-0.1375709234437957,PFE
658,2021-12-17,0.4730475027318891,PFE
659,2021-12-18,-0.7632527834008098,PFE
660,2021-12-19,1.0883450642486787,PFE
661,2021-12-20,-0.2292904630228865,PFE
662,2021-12-21,-1.5553528730248725,PFE
663,2021-12-22,-0.8974790724526124,PFE
664,2021-12-23,0.1234017276443227,PFE
665,2021-12-24,0.9024883190264044,PFE
666,2021-12-25,4.520039024894524,PFE
667,2021-12-26,0.2031112363905429,PFE
668,2021-12-27,-1.2543995617141257,PFE
669,2021-12-28,-0.6690243465004708,PFE
670,2021-12-29,1.3108328622774927,PFE
671,2021-12-30,1.5833690817547583,PFE
672,2021-12-31,-0.6744704570791527,PFE
673,2022-01-01,1.597685170005574,PFE
674,2022-01-02,0.6179222883320763,PFE
675,2022-01-03,1.249392198460752,PFE
676,2022-01-04,-0.5811995104039168,PFE
677,2022-01-05,-0.2914823577821213,PFE
678,2022-01-06,1.6358686481196072,PFE
679,2022-01-07,0.9315966675677668,PFE
680,2022-01-08,-0.1128007446528663,PFE
681,2022-01-09,0.917504841631786,PFE
682,2022-01-10,0.2053129563875219,PFE
683,2022-01-11,-0.2768718644308738,PFE
684,2022-01-12,-0.4250831056268165,PFE
685,2022-01-13,-0.2203964456596035,PFE
686,2022-01-14,0.1019703036960913,PFE
687,2022-01-15,-0.0119047619047618,PFE
688,2022-01-16,0.2296080261315913,PFE
689,2022-01-17,0.988804852478658,PFE
690,2022-01-18,1.561059527200228,PFE
691,2022-01-19,-0.7691291132549226,PFE
692,2022-01-20,1.6100971470522956,PFE
693,2022-01-21,0.1528814136062027,PFE
694,2022-01-22,0.2371090890074261,PFE
695,2022-01-23,-1.5026111777871487,PFE
696,2022-01-24,-0.4471340883548024,PFE
697,2022-01-25,-0.836458564060374,PFE
698,2022-01-26,0.3490803014342435,PFE
699,2022-01-27,0.4245499455748137,PFE
700,2022-01-28,-2.93878188443519,PFE
701,2022-01-29,0.5069063987308303,PFE
702,2022-01-30,0.4941257329409995,PFE
703,2022-01-31,-0.3299008330027766,PFE
704,2022-02-01,0.0895363362480711,PFE
705,2022-02-02,0.6872535180523015,PFE
706,2022-02-03,-0.4766137713115039,PFE
707,2022-02-04,0.035292060925242,PFE
708,2022-02-05,-4.188875659125701,PFE
709,2022-02-06,-1.26778304682869,PFE
710,2022-02-07,0.135425518125387,PFE
711,2022-02-08,-1.485086151339389,PFE
712,2022-02-09,-0.1556907104671883,PFE
713,2022-02-10,1.2361222085849142,PFE
714,2022-02-11,-1.2729261394709293,PFE
715,2022-02-12,-0.4369815866460161,PFE
716,2022-02-13,-0.4970160160769746,PFE
717,2022-02-14,0.8390552562335546,PFE
718,2022-02-15,-0.6543320376432078,PFE
719,2022-02-16,-0.7523637720826076,PFE
720,2022-02-17,-0.5998573843228396,PFE
721,2022-02-18,0.1643176869102346,PFE
722,2022-02-19,0.8312808692788936,PFE
723,2022-02-20,-1.0208661417322835,PFE
724,2022-02-21,-0.5934924399644234,PFE
725,2022-02-22,6.846452435744587,PFE
726,2022-02-23,-0.2885694781553398,PFE
727,2022-02-24,0.1589441448638572,PFE
728,2022-02-25,-0.8621927644297156,PFE
729,2022-02-26,2.8135260965449644,PFE
730,2022-02-27,0.7760515346722243,PFE
731,2022-02-28,0.1893743637929684,PFE
732,2022-03-01,0.324281139867664,PFE
733,2022-03-02,-1.672542653006004,PFE
734,2022-03-03,-0.5852452542646266,PFE
735,2022-03-04,0.0260068867644308,PFE
736,2022-03-05,-1.6815059344349883,PFE
737,2022-03-06,-0.2622244248212891,PFE
738,2022-03-07,-1.3266207128851035,PFE
739,2022-03-08,-0.998641754810006,PFE
740,2022-03-09,-1.82621473354232,PFE
741,2022-03-10,-0.3012120569631435,PFE
742,2022-03-11,-0.770233525271913,PFE
743,2022-03-12,-1.4870383522727273,PFE
744,2022-03-13,0.6301252934182848,PFE
745,2022-03-14,0.3055259926320098,PFE
746,2022-03-15,-1.3341507485802786,PFE
747,2022-03-16,-1.2389298536849014,PFE
748,2022-03-17,-0.932245575221239,PFE
749,2022-03-18,-0.2757769844603108,PFE
750,2022-03-19,-0.3343452463088174,PFE
751,2022-03-20,-0.0905202152614874,PFE
752,2022-03-21,-1.1944296476676053,PFE
753,2022-03-22,-0.3937980363410191,PFE
754,2022-03-23,-3.264400173235167,PFE
755,2022-03-24,-2.459572952402377,PFE
756,2022-03-25,-2.7510784064958136,PFE
757,2022-03-26,0.9972641509433964,PFE
758,2022-03-27,2.5396700017553098,PFE
759,2022-03-28,0.7975075566126553,PFE
760,2022-03-29,-0.4517569942777094,PFE
761,2022-03-30,0.2480786965877652,PFE
762,2022-03-31,0.6642812506299514,PFE
763,2022-04-01,-0.6449336720293536,PFE
764,2022-04-02,-0.2947470684016803,PFE
765,2022-04-03,-0.7364833786326572,PFE
766,2022-04-04,-0.0221127699964086,PFE
767,2022-04-05,-1.2011506600778248,PFE
768,2022-04-06,2.254962293682413,PFE
769,2022-04-07,0.6082197829926822,PFE
770,2022-04-08,0.7760782570031125,PFE
771,2022-04-09,0.6999342921807695,PFE
772,2022-04-10,1.135189553011563,PFE
773,2022-04-11,1.6506284916201115,PFE
774,2022-04-12,-4.153960419761368,PFE
775,2022-04-13,-2.516395433568132,PFE
776,2022-04-14,1.218759642085776,PFE
777,2022-04-15,1.131795094503503,PFE
778,2022-04-16,-3.6954724598673456,PFE
779,2022-04-17,-0.2452427184466019,PFE
780,2022-04-18,-0.3166473341066357,PFE
781,2022-04-19,-0.3003201784365219,PFE
782,2022-04-20,0.0095785440613026,PFE
783,2022-04-21,-0.273190243500134,PFE
784,2022-04-22,-0.0386922710680844,PFE
785,2022-04-23,-1.0111449587636523,PFE
786,2022-04-24,-0.3202634782880155,PFE
787,2022-04-25,-0.2816051552431166,PFE
788,2022-04-26,-0.2095342424356891,PFE
789,2022-04-27,-0.8656674407149393,PFE
790,2022-04-28,0.5226266952177017,PFE
791,2022-04-29,-3.3455882352941178,PFE
